구분1,구분2,구분3,등급
물질오용,물질오용/중독,중증 호흡곤란,1
물질오용,물질오용/중독,쇼크,1
물질오용,물질오용/중독,무의식(GCS 3-8),1
물질오용,물질오용/중독,중등도 호흡곤란,2
물질오용,물질오용/중독,혈역학적 장애,2
물질오용,물질오용/중독,의식변화(GCS 9-13),2
물질오용,물질오용/중독,"열,면역억제 상태",2
물질오용,물질오용/중독,패혈증 의증(3 SIRS 기준만족),2
물질오용,물질오용/중독,경증 호흡곤란,3
물질오용,물질오용/중독,비정상 맥박수/맥박압 (혈역학적으로 안정),3
물질오용,물질오용/중독,"열(아파보임),<3 SIRS 기준 만족",3
물질오용,물질오용/중독,"열(건강해보임), 1SIRS 기준만족(열)",4
물질오용,물질오용/중독,고위험 물질/알 수 없는 물질,2
물질오용,물질오용/중독,도주의 가능성이나 안전에 대한 위험,2
물질오용,물질오용/중독,알려진 저독성 물질,4
물질오용,과다복용,중증 호흡곤란,1
물질오용,과다복용,쇼크,1
물질오용,과다복용,무의식(GCS 3-8),1
물질오용,과다복용,중등도 호흡곤란,2
물질오용,과다복용,혈역학적 장애,2
물질오용,과다복용,의식변화(GCS 9-13),2
물질오용,과다복용,"열,면역억제 상태",2
물질오용,과다복용,패혈증 의증(3 SIRS 기준만족),2
물질오용,과다복용,경증 호흡곤란,3
물질오용,과다복용,비정상 맥박수/맥박압 (혈역학적으로 안정),3
물질오용,과다복용,"열(아파보임),<3 SIRS 기준 만족",3
물질오용,과다복용,"열(건강해보임), 1SIRS 기준만족(열)",4
물질오용,과다복용,고위험 물질/알 수 없는 물질,2
물질오용,과다복용,도주의 가능성이나 안전에 대한 위험,2
물질오용,과다복용,계획적인 자살시도,2
물질오용,과다복용,구체적인 계획이 없는 자살관념,3
물질오용,과다복용,과다복용,4
물질오용,물질금단,중증 호흡곤란,1
물질오용,물질금단,쇼크,1
물질오용,물질금단,무의식(GCS 3-8),1
물질오용,물질금단,중등도 호흡곤란,2
물질오용,물질금단,혈역학적 장애,2
물질오용,물질금단,의식변화(GCS 9-13),2
물질오용,물질금단,"열,면역억제 상태",2
물질오용,물질금단,패혈증 의증(3 SIRS 기준만족),2
물질오용,물질금단,경증 호흡곤란,3
물질오용,물질금단,비정상 맥박수/맥박압 (혈역학적으로 안정),3
물질오용,물질금단,"열(아파보임),<3 SIRS 기준 만족",3
물질오용,물질금단,"열(건강해보임), 1SIRS 기준만족(열)",4
물질오용,물질금단,경련중,1
물질오용,물질금단,"최근발작, 발작 후 상태, 초조",2
물질오용,물질금단,도주의 가능성이나 안전에 대한 위험,2
물질오용,물질금단,중증 불안/초조,2
물질오용,물질금단,중등도 불안/초조,3
물질오용,물질금단,경증 불안/초조,4
정신건강,불안/위기상황,중증 불안/초조,2
정신건강,불안/위기상황,도주의 가능성이나 안전에 대한 위험,2
정신건강,불안/위기상황,중등도 불안/초조,3
정신건강,불안/위기상황,경증 불안/초조,4
정신건강,환각/망상,중등도 호흡곤란,2
정신건강,환각/망상,혈역학적 장애,2
정신건강,환각/망상,의식변화(GCS 9-13),2
정신건강,환각/망상,"열,면역억제 상태",2
정신건강,환각/망상,패혈증 의증(3 SIRS 기준만족),2
정신건강,환각/망상,경증 호흡곤란,3
정신건강,환각/망상,비정상 맥박수/맥박압 (혈역학적으로 안정),3
정신건강,환각/망상,"열(아파보임),<3 SIRS 기준 만족",3
정신건강,환각/망상,"열(건강해보임), 1SIRS 기준만족(열)",4
정신건강,환각/망상,"급성 정신병, 중증 불안/초조, 도주의 가능성이나 안전에 대한 위험",2
정신건강,환각/망상,중등도 불안/초조 또는 편집증(Paranoia)을 동반,3
정신건강,환각/망상,"경증의 불안/ 초조, 안정되어 있음",4
정신건강,환각/망상,만성적인 환각으로 인한 경증의 불안/초조,5
정신건강,불면증,급성 불면증,4
정신건강,불면증,만성 불면증,5
정신건강,폭력/살인행위,자신 혹은 타인을 해치려는 구체적인 계획인 있거나 충동을 억제할 수 없는 상태,1
정신건강,폭력/살인행위,도주의 가능성이나 안전에 대한 위험,2
정신건강,폭력/살인행위,구체적 계획이 없는 폭력적인 생각(ideation),3
정신건강,우울증/자살/자해,계획적인 자살시도,2
정신건강,우울증/자살/자해,뚜렷한 자살의도,2
정신건강,우울증/자살/자해,도주의 가능성이나 안전에 대한 위험,2
정신건강,우울증/자살/자해,구체적인 계획이 없는 자살관념,3
정신건강,우울증/자살/자해,"우울함, 자살 생각은 없음",4
정신건강,사회문제,"육체적 학대, 정신적 학대, 심각한
감정적 스트레스",3
정신건강,사회문제,대처하기 어려운 상태,4
정신건강,사회문제,"만성, 비급성 상태",5
정신건강,기괴한 행동,중등도 호흡곤란,2
정신건강,기괴한 행동,혈역학적 장애,2
정신건강,기괴한 행동,의식변화(GCS 9-13),2
정신건강,기괴한 행동,"열,면역억제 상태",2
정신건강,기괴한 행동,패혈증 의증(3 SIRS 기준만족),2
정신건강,기괴한 행동,경증 호흡곤란,3
정신건강,기괴한 행동,"비정상 맥박수/맥박압 (혈역학적으로
안정)",3
정신건강,기괴한 행동,"열(아파보임),<3 SIRS 기준 만족",3
정신건강,기괴한 행동,"열(건강해보임), 1SIRS 기준만족(열)",4
정신건강,기괴한 행동,조절되지 않는 행동,1
정신건강,기괴한 행동,도주의 가능성이나 안전에 대한 위험,2
정신건강,기괴한 행동,조절되는 행동,3
정신건강,기괴한 행동,해를 끼치지 않는 행동,4
정신건강,기괴한 행동,"만성, 비급성 상태",5
정신건강,"환자의 복지에 대한
고려",싸움 또는 안전하지 않은 상황,1
정신건강,"환자의 복지에 대한
고려",도주의 가능성이나 학대가 반복될 위험,2
정신건강,"환자의 복지에 대한
고려",육체적 폭행 또는 성폭행,3
정신건강,"환자의 복지에 대한
고려",학대의 병력/징후,4
신경과,의식수준의 변화,중증 호흡곤란,1
신경과,의식수준의 변화,쇼크,1
신경과,의식수준의 변화,무의식(GCS 3-8),1
신경과,의식수준의 변화,중등도 호흡곤란,2
신경과,의식수준의 변화,혈역학적 장애,2
신경과,의식수준의 변화,의식변화(GCS 9-13),2
신경과,의식수준의 변화,"열,면역억제 상태",2
신경과,의식수준의 변화,패혈증 의증(3 SIRS 기준만족),2
신경과,의식수준의 변화,경증 호흡곤란,3
신경과,의식수준의 변화,"비정상 맥박수/맥박압 (혈역학적으로
안정)",3
신경과,의식수준의 변화,"열(아파보임),<3 SIRS 기준 만족",3
신경과,의식수준의 변화,고위험성 사고기전,2
신경과,의식수준의 변화,"혈중 글루코스<54mg/dl 이고 관련증상을
동반",2
신경과,착란,중등도 호흡곤란,2
신경과,착란,혈역학적 장애,2
신경과,착란,의식변화(GCS 9-13),2
신경과,착란,"열,면역억제 상태",2
신경과,착란,패혈증 의증(3 SIRS 기준만족),2
신경과,착란,경증 호흡곤란,3
신경과,착란,"비정상 맥박수/맥박압 (혈역학적으로
안정)",3
신경과,착란,"열(아파보임),<3 SIRS 기준 만족",3
신경과,착란,"열(건강해보임), 1SIRS 기준만족(열)",4
신경과,착란,"혈중 글루코스<54mg/dl 이고 관련증상을
동반",2
신경과,착란,"두통 또는 의식상태의 변화를 동반한
급성 착란",2
신경과,착란,"두통 또는 의식상태의 변화를 동반하지
않는 급성착란",3
신경과,착란,"만성, 평상시에 비해 변화없음",4
신경과,현훈,중증 호흡곤란,1
신경과,현훈,쇼크,1
신경과,현훈,무의식(GCS 3-8),1
신경과,현훈,중등도 호흡곤란,2
신경과,현훈,혈역학적 장애,2
신경과,현훈,의식변화(GCS 9-13),2
신경과,현훈,"열,면역억제 상태",2
신경과,현훈,패혈증 의증(3 SIRS 기준만족),2
신경과,현훈,경증 호흡곤란,3
신경과,현훈,"비정상 맥박수/맥박압 (혈역학적으로
안정)",3
신경과,현훈,"열(아파보임),<3 SIRS 기준 만족",3
신경과,현훈,"자세변화에 의해 유발되지 않음
±신경학적 증상의 동반",2
신경과,현훈,"자세변화에 의해 발생, 다른 신경학적
증상 없음",3
신경과,두통,중증 호흡곤란,1
신경과,두통,쇼크,1
신경과,두통,무의식(GCS 3-8),1
신경과,두통,중등도 호흡곤란,2
신경과,두통,혈역학적 장애,2
신경과,두통,의식변화(GCS 9-13),2
신경과,두통,"열,면역억제 상태",2
신경과,두통,패혈증 의증(3 SIRS 기준만족),2
신경과,두통,경증 호흡곤란,3
신경과,두통,"비정상 맥박수/맥박압 (혈역학적으로
안정)",3
신경과,두통,"열(아파보임),<3 SIRS 기준 만족",3
신경과,두통,"열(건강해보임), 1SIRS 기준만족(열)",4
신경과,두통,급성 중심성 중증 통증(8-10),2
신경과,두통,급성 중심성 중등도 통증(4-7),3
신경과,두통,만성 중심성 중증 통증(8-10),3
신경과,두통,급성 중심성 경증 통증(<4),4
신경과,두통,만성 중심성 중등도 통증(4-7),4
신경과,두통,만성 중심성 경증 통증(<4),5
신경과,두통,"급성,중증, 지금까지 경험했던 두통 중
가장 심함",2
신경과,두통,시력장애 ± 안구통증,2
신경과,두통,만성 또는 반복적인 두통,5
신경과,발작,중증 호흡곤란,1
신경과,발작,쇼크,1
신경과,발작,무의식(GCS 3-8),1
신경과,발작,중등도 호흡곤란,2
신경과,발작,혈역학적 장애,2
신경과,발작,의식변화(GCS 9-13),2
신경과,발작,"열,면역억제 상태",2
신경과,발작,패혈증 의증(3 SIRS 기준만족),2
신경과,발작,경증 호흡곤란,3
신경과,발작,"비정상 맥박수/맥박압 (혈역학적으로
안정)",3
신경과,발작,"열(아파보임),<3 SIRS 기준 만족",3
신경과,발작,급성 중심성 중증 통증(8-10),2
신경과,발작,급성 중심성 중등도 통증(4-7),3
신경과,발작,지금 발작 중,1
신경과,발작,발작 후 상태,2
신경과,발작,"회복된 상태, 명료한의식",3
신경과,보행장애/운동실조,중증 호흡곤란,1
신경과,보행장애/운동실조,쇼크,1
신경과,보행장애/운동실조,무의식(GCS 3-8),1
신경과,보행장애/운동실조,중등도 호흡곤란,2
신경과,보행장애/운동실조,혈역학적 장애,2
신경과,보행장애/운동실조,의식변화(GCS 9-13),2
신경과,보행장애/운동실조,"열,면역억제 상태",2
신경과,보행장애/운동실조,패혈증 의증(3 SIRS 기준만족),2
신경과,보행장애/운동실조,경증 호흡곤란,3
신경과,보행장애/운동실조,"비정상 맥박수/맥박압 (혈역학적으로
안정)",3
신경과,보행장애/운동실조,"열(아파보임),<3 SIRS 기준 만족",3
신경과,보행장애/운동실조,"열(건강해보임), 1SIRS 기준만족(열)",4
신경과,보행장애/운동실조,발병시간<3시간,2
신경과,사지약화/뇌졸중 증상,중증 호흡곤란,1
신경과,사지약화/뇌졸중 증상,쇼크,1
신경과,사지약화/뇌졸중 증상,무의식(GCS 3-8),1
신경과,사지약화/뇌졸중 증상,중등도 호흡곤란,2
신경과,사지약화/뇌졸중 증상,혈역학적 장애,2
신경과,사지약화/뇌졸중 증상,의식변화(GCS 9-13),2
신경과,사지약화/뇌졸중 증상,"열,면역억제 상태",2
신경과,사지약화/뇌졸중 증상,패혈증 의증(3 SIRS 기준만족),2
신경과,사지약화/뇌졸중 증상,경증 호흡곤란,3
신경과,사지약화/뇌졸중 증상,"비정상 맥박수/맥박압 (혈역학적으로
안정)",3
신경과,사지약화/뇌졸중 증상,"열(아파보임),<3 SIRS 기준 만족",3
신경과,사지약화/뇌졸중 증상,급성 중심성 중증 통증(8-10),2
신경과,사지약화/뇌졸중 증상,"출혈성 질환(생명이나 사지에 위급한
출혈)",2
신경과,사지약화/뇌졸중 증상,급성 중심성 중등도 통증(4-7),3
신경과,사지약화/뇌졸중 증상,출혈성 질환(중등도나 경증의 출혈),3
신경과,사지약화/뇌졸중 증상,발병시간<3시간,2
신경과,사지약화/뇌졸중 증상,>3시간 또는 회복된 상태,3
신경과,두부손상,중증 호흡곤란,1
신경과,두부손상,쇼크,1
신경과,두부손상,무의식(GCS 3-8),1
신경과,두부손상,중등도 호흡곤란,2
신경과,두부손상,혈역학적 장애,2
신경과,두부손상,의식변화(GCS 9-13),2
신경과,두부손상,"열,면역억제 상태",2
신경과,두부손상,패혈증 의증(3 SIRS 기준만족),2
신경과,두부손상,경증 호흡곤란,3
신경과,두부손상,"비정상 맥박수/맥박압 (혈역학적으로
안정)",3
신경과,두부손상,"열(아파보임),<3 SIRS 기준 만족",3
신경과,두부손상,"열(건강해보임), 1SIRS 기준만족(열)",4
신경과,두부손상,급성 중심성 중증 통증(8-10),2
신경과,두부손상,"출혈성 질환(생명이나 사지에 위급한
출혈)",2
신경과,두부손상,고위험성 사고기전,2
신경과,두부손상,급성 중심성 중등도 통증(4-7),3
신경과,두부손상,출혈성 질환(중등도나 경증의 출혈),3
신경과,두부손상,급성 중심성 경증 통증(<4),4
신경과,두부손상,새로운 국소적 신경학적 증상,2
신경과,두부손상,의식소실의 병력,3
신경과,두부손상,장기간의 척추고정,3
신경과,두부손상,의식소실의 병력이 없음,4
신경과,떨림(Tremor),중등도 호흡곤란,2
신경과,떨림(Tremor),혈역학적 장애,2
신경과,떨림(Tremor),의식변화(GCS 9-13),2
신경과,떨림(Tremor),"열,면역억제 상태",2
신경과,떨림(Tremor),패혈증 의증(3 SIRS 기준만족),2
신경과,떨림(Tremor),경증 호흡곤란,3
신경과,떨림(Tremor),"비정상 맥박수/맥박압 (혈역학적으로
안정)",3
신경과,떨림(Tremor),"열(아파보임),<3 SIRS 기준 만족",3
신경과,떨림(Tremor),"열(건강해보임), 1SIRS 기준만족(열)",4
신경과,떨림(Tremor),만성떨림,4
신경과,감각상실/이상감각,새로 발병된 감각소실/이상감각,3
신경과,감각상실/이상감각,만성 감각소실/이상감각,4
안과,"화학물질 노출,눈","화학물질 노출,눈",2
안과,"이물질,눈",급성 말초성 중증 통증(8-10),3
안과,"이물질,눈",급성 말초성 중등도 통증(4-7),4
안과,"이물질,눈",급성 말초성 경증 통증(<4),5
안과,"이물질,눈",이물질의 안구 관통,2
안과,"이물질,눈",급성 또는 갑작스런 시력변화,2
안과,시력장애,급성 또는 갑작스런 시력장애,2
안과,시력장애,만성/점진적 시력장애,4
안과,눈통증,급성 중심성 중증 통증(8-10),2
안과,눈통증,급성 중심성 중등도 통증(4-7),3
안과,눈통증,만성 중심성 중증 통증(8-10),3
안과,눈통증,급성 중심성 경증 통증(<4),4
안과,눈통증,만성 중심성 중등도 통증(4-7),4
안과,눈통증,만성 중심성 경증 통증(<4),5
안과,눈통증,급성 또는 갑작스런 시력장애,2
안과,"눈충혈,분비물",급성 말초성 중증 통증 (8-10),3
안과,"눈충혈,분비물",급성 말초성 중등도 통증(4-7),4
안과,"눈충혈,분비물",만성 말초성 중증 통증(8-10),4
안과,"눈충혈,분비물",급성 말초성 경증 통증(<4),5
안과,"눈충혈,분비물",만성 말초성 통증(<8),5
안과,"눈충혈,분비물","눈충혈/분비물, 급성",4
안과,"눈충혈,분비물","눈충혈/분비물, 만성",5
안과,눈부심,급성 중심성 중증 통증(8-10),2
안과,눈부심,급성 중심성 중등도 통증(4-7),3
안과,눈부심,급성 중심성 경증 통증(<4),4
안과,눈부심,눈부심,4
안과,복시,급성발병,3
안과,복시,만성 복시,4
안과,안와주위 부종,중등도 호흡곤란,2
안과,안와주위 부종,혈역학적 장애,2
안과,안와주위 부종,의식변화(GCS 9-13),2
안과,안와주위 부종,"열,면역억제 상태",2
안과,안와주위 부종,패혈증 의증(3 SIRS 기준만족),2
안과,안와주위 부종,경증 호흡곤란,3
안과,안와주위 부종,"비정상 맥박수/맥박압 (혈역학적으로
안정)",3
안과,안와주위 부종,"열(아파보임),<3 SIRS 기준 만족",3
안과,안와주위 부종,"열(건강해보임), 1SIRS 기준만족(열)",4
안과,안와주위 부종,급성 말초성 중증 통증 (8-10),3
안과,안와주위 부종,급성 말초성 중등도 통증(4-7),4
안과,안와주위 부종,급성 말초성 경증 통증(<4),5
안과,안와주위 부종,안와주위 부종,5
안과,눈 외상,급성 중심성 중증 통증(8-10),2
안과,눈 외상,"출혈성 질환(생명이나 사지에 위급한
출혈)",2
안과,눈 외상,고위험성 사고기전,2
안과,눈 외상,급성 중심성 중등도 통증(4-7),3
안과,눈 외상,출혈성 질환(중등도나 경증의 출혈),3
안과,눈 외상,급성 중심성 경증 통증(<4),4
안과,눈 외상,"관통손상이나 화학물질, 직접적인 고열에
의한 손상",2
안과,눈 외상,둔상에 의한 시력소실,2
안과,눈 외상,급성/갑작스런 시력 장애,2
안과,눈 외상,"분류 담당자가 눈을 확인할 수 없는
상태",2
안과,눈의 재검(Re-check),급성 말초성 중증 통증 (8-10),3
안과,눈의 재검(Re-check),급성 말초성 중등도 통증(4-7),4
안과,눈의 재검(Re-check),급성 말초성 경증 통증(<4),5
안과,눈의 재검(Re-check),급성/갑작스런 시력변화,2
안과,눈의 재검(Re-check),눈의 재확인,5
코질환,코피,중증호흡곤란,1
코질환,코피,쇼크,1
코질환,코피,무의식(GCS 3-8),1
코질환,코피,중등도 호흡곤란,2
코질환,코피,혈역학적 장애,2
코질환,코피,의식변화(GCS 9-13),2
코질환,코피,"열,면역억제 상태",2
코질환,코피,패혈증 의증(3 SIRS 기준만족),2
코질환,코피,경증 호흡곤란,3
코질환,코피,"비정상 맥박수/맥박압 (혈역학적으로
안정)",3
코질환,코피,"열(아파보임),<3 SIRS 기준 만족",3
코질환,코피,"열(건강해보임), 1SIRS 기준만족(열)",4
코질환,코피,"출혈성 질환(생명이나 사지에 위급한
출혈)",2
코질환,코피,출혈성 질환(중등도나 경증의 출혈),3
코질환,코피,"적절한압박에도멈추지않는코피,또는관련
된내과적기저질환이있는경우",2
코질환,코피,압박으로 지혈된 코피,3
코질환,코피,"급성코피, 두드러진 출혈은 없음",4
코질환,코피,주기적/반복적이며 두드러지지 않은 출혈,5
코질환,코막힘/건초열,코막힘/건초열,5
코질환,"이물질,코",중등도 호흡곤란,2
코질환,"이물질,코",경증 호흡곤란,3
코질환,"이물질,코","비정상 맥박수/맥박압 (혈역학적으로
안정)",3
코질환,"이물질,코","열(아파보임),<3 SIRS 기준 만족",3
코질환,"이물질,코","열(건강해보임), 1SIRS 기준만족(열)",4
코질환,"이물질,코",급성 말초성 중증 통증 (8-10),3
코질환,"이물질,코",급성 말초성 중등도 통증(4-7),4
코질환,"이물질,코",급성 말초성 경증 통증(<4),5
코질환,상기도감염증상호소,중등도 호흡곤란,2
코질환,상기도감염증상호소,경증 호흡곤란,3
코질환,상기도감염증상호소,"비정상 맥박수/맥박압 (혈역학적으로
안정)",3
코질환,상기도감염증상호소,"열(아파보임),<3 SIRS 기준 만족",3
코질환,상기도감염증상호소,"열(건강해보임), 1SIRS 기준만족(열)",4
코질환,상기도감염증상호소,급성 말초성 중증 통증 (8-10),3
코질환,상기도감염증상호소,급성 말초성 중등도 통증(4-7),4
코질환,상기도감염증상호소,급성 말초성 경증 통증(<4),5
코질환,상기도감염증상호소,"건강해보임, 열 없음",5
코질환,코외상,중등도 호흡곤란,2
코질환,코외상,혈역학적 장애,2
코질환,코외상,의식변화(GCS 9-13),2
코질환,코외상,"열,면역억제 상태",2
코질환,코외상,패혈증 의증(3 SIRS 기준만족),2
코질환,코외상,경증 호흡곤란,3
코질환,코외상,"비정상 맥박수/맥박압 (혈역학적으로
안정)",3
코질환,코외상,"열(아파보임),<3 SIRS 기준 만족",3
코질환,코외상,"열(건강해보임), 1SIRS 기준만족(열)",4
코질환,코외상,"출혈성 질환(생명이나 사지에 위급한
출혈)",2
코질환,코외상,급성 말초성 중증 통증 (8-10),3
코질환,코외상,출혈성 질환(중등도나 경증의 출혈),3
코질환,코외상,급성 말초성 중등도 통증(4-7),4
코질환,코외상,급성 말초성 경증 통증(<4),5
코질환,코외상,적절한 지혈에도 멈추지 않는 코피,2
귀질환,이통(Earache),경증 호흡곤란,3
귀질환,이통(Earache),"비정상 맥박수/맥박압 (혈역학적으로
안정)",3
귀질환,이통(Earache),"열(아파보임),<3 SIRS 기준 만족",3
귀질환,이통(Earache),"열(건강해보임), 1SIRS 기준만족(열)",4
귀질환,이통(Earache),급성 말초성 중증 통증 (8-10),3
귀질환,이통(Earache),급성 말초성 중등도 통증(4-7),4
귀질환,이통(Earache),만성 말초성 중증 통증(8-10),4
귀질환,이통(Earache),급성 말초성 경증 통증(<4),5
귀질환,이통(Earache),만성 말초성 통증(<8),5
귀질환,"이물질,귀",급성 말초성 중증 통증 (8-10),3
귀질환,"이물질,귀",급성 말초성 중등도 통증(4-7),4
귀질환,"이물질,귀",급성 말초성 경증 통증(<4),5
귀질환,청력상실,"청력손실, 급성발병",3
귀질환,청력상실,"청력손실, 서서히 발병",5
귀질환,이명,아스피린 복용 가능성 있음,2
귀질환,이명,이명,4
귀질환,"삼출물,귀",경증 호흡곤란,3
귀질환,"삼출물,귀","비정상 맥박수/맥박압 (혈역학적으로
안정)",3
귀질환,"삼출물,귀","열(아파보임),<3 SIRS 기준 만족",3
귀질환,"삼출물,귀","열(건강해보임), 1SIRS 기준만족(열)",4
귀질환,귀손상,중등도 호흡곤란,2
귀질환,귀손상,혈역학적 장애,2
귀질환,귀손상,의식변화(GCS 9-13),2
귀질환,귀손상,"열,면역억제 상태",2
귀질환,귀손상,패혈증 의증(3 SIRS 기준만족),2
귀질환,귀손상,경증 호흡곤란,3
귀질환,귀손상,"비정상 맥박수/맥박압 (혈역학적으로
안정)",3
귀질환,귀손상,"열(아파보임),<3 SIRS 기준 만족",3
귀질환,귀손상,"열(건강해보임), 1SIRS 기준만족(열)",4
귀질환,귀손상,급성 말초성 중증 통증 (8-10),3
귀질환,귀손상,출혈성 질환(중등도나 경증의 출혈),3
귀질환,귀손상,급성 말초성 중등도 통증(4-7),4
귀질환,귀손상,급성 말초성 경증 통증(<4),5
귀질환,귀손상,절단,2
귀질환,귀손상,"창백하거나 청색증을 동반한 동상, 중증",3
귀질환,귀손상,"색 변화를 동반하지 않은 동상, 경증",4
귀질환,귀손상,봉합이 필요한 열상,4
귀질환,귀손상,봉합이 불필요한 열상/찰과상,5
"이비인후과-입,인후,경부",치아/잇몸문제,급성 말초성 중증 통증 (8-10),3
"이비인후과-입,인후,경부",치아/잇몸문제,출혈성 질환(중등도나 경증의 출혈),3
"이비인후과-입,인후,경부",치아/잇몸문제,급성 말초성 중등도 통증(4-7),4
"이비인후과-입,인후,경부",치아/잇몸문제,만성 말초성 중증 통증(8-10),4
"이비인후과-입,인후,경부",치아/잇몸문제,급성 말초성 경증 통증(<4),5
"이비인후과-입,인후,경부",치아/잇몸문제,"치아박리(최근 발생하였으며 온전한
치아가 존재)",2
"이비인후과-입,인후,경부",치아/잇몸문제,"활력징후가 정상이며 기저 질환이 없는
잇몸출혈",4
"이비인후과-입,인후,경부",치아/잇몸문제,"치아/잇몸문제, 경증문제",5
"이비인후과-입,인후,경부",안면외상,중증 호흡곤란,1
"이비인후과-입,인후,경부",안면외상,쇼크,1
"이비인후과-입,인후,경부",안면외상,무의식(GCS 3-8),1
"이비인후과-입,인후,경부",안면외상,중등도 호흡곤란,2
"이비인후과-입,인후,경부",안면외상,혈역학적 장애,2
"이비인후과-입,인후,경부",안면외상,의식변화(GCS 9-13),2
"이비인후과-입,인후,경부",안면외상,"열,면역억제 상태",2
"이비인후과-입,인후,경부",안면외상,패혈증 의증(3 SIRS 기준만족),2
"이비인후과-입,인후,경부",안면외상,경증 호흡곤란,3
"이비인후과-입,인후,경부",안면외상,"비정상 맥박수/맥박압 (혈역학적으로
안정)",3
"이비인후과-입,인후,경부",안면외상,"열(아파보임),<3 SIRS 기준 만족",3
"이비인후과-입,인후,경부",안면외상,"열(건강해보임), 1SIRS 기준만족(열)",4
"이비인후과-입,인후,경부",안면외상,고위험성 사고기전,2
"이비인후과-입,인후,경부",안면외상,급성 말초성 중증 통증 (8-10),3
"이비인후과-입,인후,경부",안면외상,출혈성 질환(중등도나 경증의 출혈),3
"이비인후과-입,인후,경부",안면외상,급성 말초성 중등도 통증(4-7),4
"이비인후과-입,인후,경부",안면외상,급성 말초성 경증 통증(<4),5
"이비인후과-입,인후,경부",인후통,중증 호흡곤란,1
"이비인후과-입,인후,경부",인후통,쇼크,1
"이비인후과-입,인후,경부",인후통,무의식(GCS 3-8),1
"이비인후과-입,인후,경부",인후통,중등도 호흡곤란,2
"이비인후과-입,인후,경부",인후통,혈역학적 장애,2
"이비인후과-입,인후,경부",인후통,의식변화(GCS 9-13),2
"이비인후과-입,인후,경부",인후통,"열,면역억제 상태",2
"이비인후과-입,인후,경부",인후통,패혈증 의증(3 SIRS 기준만족),2
"이비인후과-입,인후,경부",인후통,경증 호흡곤란,3
"이비인후과-입,인후,경부",인후통,"비정상 맥박수/맥박압 (혈역학적으로
안정)",3
"이비인후과-입,인후,경부",인후통,"열(아파보임),<3 SIRS 기준 만족",3
"이비인후과-입,인후,경부",인후통,"열(건강해보임), 1SIRS 기준만족(열)",4
"이비인후과-입,인후,경부",인후통,급성 중심성 중증 통증(8-10),2
"이비인후과-입,인후,경부",인후통,급성 중심성 중등도 통증(4-7),3
"이비인후과-입,인후,경부",인후통,만성 중심성 중증 통증(8-10),3
"이비인후과-입,인후,경부",인후통,급성 중심성 경증 통증(<4),4
"이비인후과-입,인후,경부",인후통,만성 중심성 중등도 통증(4-7),4
"이비인후과-입,인후,경부",인후통,만성 중심성 경증 통증(<4),5
"이비인후과-입,인후,경부",인후통,침흘림 또는 협착음,2
"이비인후과-입,인후,경부",인후통,"입술, 혀, 입인두의 명백한 부종/부기",2
"이비인후과-입,인후,경부",인후통,연하장애,3
"이비인후과-입,인후,경부",인후통,경증 인후통 ± 후두염,5
"이비인후과-입,인후,경부",경부부종/통증,중증 호흡곤란,1
"이비인후과-입,인후,경부",경부부종/통증,쇼크,1
"이비인후과-입,인후,경부",경부부종/통증,무의식(GCS 3-8),1
"이비인후과-입,인후,경부",,,
"이비인후과-입,인후,경부",경부부종/통증,중등도 호흡곤란,2
"이비인후과-입,인후,경부",경부부종/통증,혈역학적 장애,2
"이비인후과-입,인후,경부",경부부종/통증,의식변화(GCS 9-13),2
"이비인후과-입,인후,경부",경부부종/통증,"열,면역억제 상태",2
"이비인후과-입,인후,경부",경부부종/통증,패혈증 의증(3 SIRS 기준만족),2
"이비인후과-입,인후,경부",경부부종/통증,경증 호흡곤란,3
"이비인후과-입,인후,경부",경부부종/통증,"비정상 맥박수/맥박압 (혈역학적으로
안정)",3
"이비인후과-입,인후,경부",경부부종/통증,"열(아파보임),<3 SIRS 기준 만족",3
"이비인후과-입,인후,경부",경부부종/통증,"열(건강해보임), 1SIRS 기준만족(열)",4
"이비인후과-입,인후,경부",경부부종/통증,급성 중심성 중증 통증(8-10),2
"이비인후과-입,인후,경부",경부부종/통증,급성 중심성 중등도 통증(4-7),3
"이비인후과-입,인후,경부",경부부종/통증,만성 중심성 중증 통증(8-10),3
"이비인후과-입,인후,경부",경부부종/통증,급성 중심성 경증 통증(<4),4
"이비인후과-입,인후,경부",경부부종/통증,만성 중심성 중등도 통증(4-7),4
"이비인후과-입,인후,경부",경부부종/통증,만성 중심성 경증 통증(<4),5
"이비인후과-입,인후,경부",경부부종/통증,경부강직/ 수막자극증 ±열,2
"이비인후과-입,인후,경부",경부외상,중증 호흡곤란,1
"이비인후과-입,인후,경부",경부외상,쇼크,1
"이비인후과-입,인후,경부",경부외상,무의식(GCS 3-8),1
"이비인후과-입,인후,경부",경부외상,중등도 호흡곤란,2
"이비인후과-입,인후,경부",경부외상,혈역학적 장애,2
"이비인후과-입,인후,경부",경부외상,의식변화(GCS 9-13),2
"이비인후과-입,인후,경부",경부외상,"열,면역억제 상태",2
"이비인후과-입,인후,경부",경부외상,패혈증 의증(3 SIRS 기준만족),2
"이비인후과-입,인후,경부",경부외상,경증호흡곤란,3
"이비인후과-입,인후,경부",경부외상,"비정상 맥박수/맥박압 (혈역학적으로
안정)",3
"이비인후과-입,인후,경부",경부외상,"열(아파보임),<3 SIRS 기준 만족",3
"이비인후과-입,인후,경부",경부외상,"열(건강해보임), 1SIRS 기준만족(열)",4
"이비인후과-입,인후,경부",경부외상,급성 중심성 중증 통증(8-10),2
"이비인후과-입,인후,경부",경부외상,"출혈성 질환(생명이나 사지에 위급한
출혈)",2
"이비인후과-입,인후,경부",경부외상,고위험성 사고기전,2
"이비인후과-입,인후,경부",경부외상,급성 중심성 중등도 통증(4-7),3
"이비인후과-입,인후,경부",경부외상,출혈성 질환(중등도나 경증의 출혈),3
"이비인후과-입,인후,경부",경부외상,급성 중심성 경증 통증(<4),4
"이비인후과-입,인후,경부",경부외상,"이상감각, 신경학적 징후",2
"이비인후과-입,인후,경부",경부외상,목쉰 소리와 언어장애,2
"이비인후과-입,인후,경부",연하장애/연하곤란,중증 호흡곤란,1
"이비인후과-입,인후,경부",연하장애/연하곤란,쇼크,1
"이비인후과-입,인후,경부",연하장애/연하곤란,무의식(GCS 3-8),1
"이비인후과-입,인후,경부",연하장애/연하곤란,중등도 호흡곤란,2
"이비인후과-입,인후,경부",연하장애/연하곤란,혈역학적 장애,2
"이비인후과-입,인후,경부",연하장애/연하곤란,의식변화(GCS 9-13),2
"이비인후과-입,인후,경부",연하장애/연하곤란,"열,면역억제 상태",2
"이비인후과-입,인후,경부",연하장애/연하곤란,패혈증 의증(3 SIRS 기준만족),2
"이비인후과-입,인후,경부",연하장애/연하곤란,경증 호흡곤란,3
"이비인후과-입,인후,경부",연하장애/연하곤란,"비정상 맥박수/맥박압 (혈역학적으로
안정)",3
"이비인후과-입,인후,경부",연하장애/연하곤란,"열(아파보임),<3 SIRS 기준 만족",3
"이비인후과-입,인후,경부",연하장애/연하곤란,급성 중심성 중증 통증(8-10),2
"이비인후과-입,인후,경부",연하장애/연하곤란,급성 중심성 중등도 통증(4-7),3
"이비인후과-입,인후,경부",,,
"이비인후과-입,인후,경부",연하장애/연하곤란,침흘림 또는 협착음,2
"이비인후과-입,인후,경부",연하장애/연하곤란,이물질의 가능성,3
"이비인후과-입,인후,경부","안면통증(비-외상성/비
-치아성)",중등도 호흡곤란,2
"이비인후과-입,인후,경부","안면통증(비-외상성/비
-치아성)",혈역학적 장애,2
"이비인후과-입,인후,경부","안면통증(비-외상성/비
-치아성)",의식변화(GCS 9-13),2
"이비인후과-입,인후,경부","안면통증(비-외상성/비
-치아성)","열,면역억제 상태",2
"이비인후과-입,인후,경부","안면통증(비-외상성/비
-치아성)",패혈증 의증(3 SIRS 기준만족),2
"이비인후과-입,인후,경부","안면통증(비-외상성/비
-치아성)",경증 호흡곤란,3
"이비인후과-입,인후,경부","안면통증(비-외상성/비
-치아성)","비정상 맥박수/맥박압 (혈역학적으로
안정)",3
"이비인후과-입,인후,경부","안면통증(비-외상성/비
-치아성)","열(아파보임),<3 SIRS 기준 만족",3
"이비인후과-입,인후,경부","안면통증(비-외상성/비
-치아성)","열(건강해보임), 1SIRS 기준만족(열)",4
"이비인후과-입,인후,경부","안면통증(비-외상성/비
-치아성)",급성 말초성 중증 통증 (8-10),3
"이비인후과-입,인후,경부","안면통증(비-외상성/비
-치아성)",급성 말초성 중등도 통증(4-7),4
"이비인후과-입,인후,경부","안면통증(비-외상성/비
-치아성)",만성 말초성 중증 통증(8-10),4
"이비인후과-입,인후,경부","안면통증(비-외상성/비
-치아성)",급성 말초성 경증 통증(<4),5
"이비인후과-입,인후,경부","안면통증(비-외상성/비
-치아성)",만성 말초성 통증(<8),5
호흡기,숨참,중증 호흡곤란,1
호흡기,숨참,쇼크,1
호흡기,숨참,무의식(GCS 3-8),1
호흡기,숨참,중등도 호흡곤란,2
호흡기,숨참,혈역학적 장애,2
호흡기,숨참,의식변화(GCS 9-13),2
호흡기,숨참,"열,면역억제 상태",2
호흡기,숨참,패혈증 의증(3 SIRS 기준만족),2
호흡기,숨참,경증 호흡곤란,3
호흡기,숨참,"비정상 맥박수/맥박압 (혈역학적으로
안정)",3
호흡기,숨참,"열(아파보임),<3 SIRS 기준 만족",3
호흡기,숨참,"열(건강해보임), 1SIRS 기준만족(열)",4
호흡기,숨참,예측 FEV1 혹은 PEER이 40%미만인,2
,,알려진 천식(중증),
호흡기,숨참,"예측 FEV1 혹은 PEER이 40-60%인
알려진 천식(중등도)",3
호흡기,숨참,"예측 FEV1 혹은 PEER이 60%이상인
알려진 천식(경증)",4
호흡기,숨참,"숨참, 호흡곤란 없음",4
호흡기,호흡정지,호흡정지,1
호흡기,과다호흡증후군,중증 호흡곤란,1
호흡기,과다호흡증후군,쇼크,1
호흡기,과다호흡증후군,무의식(GCS 3-8),1
호흡기,과다호흡증후군,중등도 호흡곤란,2
호흡기,과다호흡증후군,혈역학적 장애,2
호흡기,과다호흡증후군,의식변화(GCS 9-13),2
호흡기,과다호흡증후군,"열,면역억제 상태",2
호흡기,과다호흡증후군,패혈증 의증(3 SIRS 기준만족),2
호흡기,과다호흡증후군,경증 호흡곤란,3
호흡기,과다호흡증후군,"비정상 맥박수/맥박압 (혈역학적으로
안정)",3
호흡기,과다호흡증후군,"열(아파보임),<3 SIRS 기준 만족",3
호흡기,과다호흡증후군,"열(건강해보임), 1SIRS 기준만족(열)",4
호흡기,과다호흡증후군,"회복된 과다호흡증후군, 건강해보임",4
호흡기,객혈,중증 호흡곤란,1
호흡기,객혈,쇼크,1
호흡기,객혈,무의식(GCS 3-8),1
호흡기,객혈,중등도 호흡곤란,2
호흡기,객혈,혈역학적 장애,2
호흡기,객혈,의식변화(GCS 9-13),2
호흡기,객혈,"열,면역억제 상태",2
호흡기,객혈,패혈증 의증(3 SIRS 기준만족),2
호흡기,객혈,경증 호흡곤란,3
호흡기,객혈,"비정상 맥박수/맥박압 (혈역학적으로
안정)",3
호흡기,객혈,"열(아파보임),<3 SIRS 기준 만족",3
호흡기,객혈,"열(건강해보임), 1SIRS 기준만족(열)",4
호흡기,객혈,"출혈성 질환(생명이나 사지에 위급한
출혈)",2
호흡기,객혈,출혈성 질환(중등도나 경증의 출혈),3
호흡기,객혈,"객혈, 건강해보임",4
호흡기,기침/코막힘,중등도 호흡곤란,2
호흡기,기침/코막힘,혈역학적 장애,2
호흡기,기침/코막힘,의식변화(GCS 9-13),2
호흡기,기침/코막힘,"열,면역억제 상태",2
호흡기,기침/코막힘,패혈증 의증(3 SIRS 기준만족),2
호흡기,기침/코막힘,경증 호흡곤란,3
호흡기,기침/코막힘,"비정상 맥박수/맥박압 (혈역학적으로
안정)",3
호흡기,기침/코막힘,"열(아파보임),<3 SIRS 기준 만족",3
호흡기,기침/코막힘,"열(건강해보임), 1SIRS 기준만족(열)",4
호흡기,기침/코막힘,"만성기침/코막힘, 정상 활력징후",5
호흡기,호흡기 이물질,중증 호흡곤란,1
호흡기,호흡기 이물질,쇼크,1
호흡기,호흡기 이물질,무의식(GCS 3-8),1
호흡기,호흡기 이물질,중등도 호흡곤란,2
호흡기,호흡기 이물질,혈역학적 장애,2
호흡기,호흡기 이물질,의식변화(GCS 9-13),2
호흡기,호흡기 이물질,"열,면역억제 상태",2
호흡기,호흡기 이물질,패혈증 의증(3 SIRS 기준만족),2
호흡기,호흡기 이물질,경증 호흡곤란,3
호흡기,호흡기 이물질,"비정상 맥박수/맥박압 (혈역학적으로
안정)",3
호흡기,호흡기 이물질,"열(아파보임),<3 SIRS 기준 만족",3
호흡기,호흡기 이물질,"열(건강해보임), 1SIRS 기준만족(열)",4
호흡기,호흡기 이물질,급성 중심성 중증 통증(8-10),2
호흡기,호흡기 이물질,급성 중심성 중등도 통증(4-7),3
호흡기,호흡기 이물질,급성 중심성 경증 통증(<4),4
호흡기,호흡기 이물질,침흘림 또는 협착음,2
호흡기,호흡기 이물질,목쉰소리와 언어장애,2
호흡기,호흡기 이물질,호흡곤란 없는 연하장애,3
호흡기,호흡기 이물질,"호흡기 이물질, 경증통증, 호흡곤란은
없음",4
호흡기,알레르기반응,중증 호흡곤란,1
호흡기,알레르기반응,쇼크,1
호흡기,알레르기반응,무의식(GCS 3-8),1
호흡기,알레르기반응,중등도 호흡곤란,2
호흡기,알레르기반응,혈역학적 장애,2
호흡기,알레르기반응,의식변화(GCS 9-13),2
호흡기,알레르기반응,"열,면역억제 상태",2
호흡기,알레르기반응,패혈증 의증(3 SIRS 기준만족),2
호흡기,알레르기반응,경증 호흡곤란,3
호흡기,알레르기반응,"비정상 맥박수/맥박압 (혈역학적으로
안정)",3
호흡기,알레르기반응,"열(아파보임),<3 SIRS 기준 만족",3
호흡기,알레르기반응,"열(건강해보임), 1SIRS 기준만족(열)",4
호흡기,알레르기반응,급성 말초성 중증 통증 (8-10),3
호흡기,알레르기반응,급성 말초성 중등도 통증(4-7),4
호흡기,알레르기반응,급성 말초성 경증 통증(<4),5
호흡기,알레르기반응,이전 중증의 기왕력,2
호흡기,알레르기반응,코 울혈을 동반한 건초열,5
심혈관,심정지(비외상성),심정지(비외상성),1
심혈관,심정지(외상성),심정지(외상성),1
심혈관,흉통(심인성),중증 호흡곤란,1
심혈관,흉통(심인성),쇼크,1
심혈관,흉통(심인성),무의식(GCS 3-8),1
심혈관,흉통(심인성),중등도 호흡곤란,2
심혈관,흉통(심인성),혈역학적 장애,2
심혈관,흉통(심인성),의식변화(GCS 9-13),2
심혈관,흉통(심인성),"열,면역억제 상태",2
심혈관,흉통(심인성),패혈증 의증(3 SIRS 기준만족),2
심혈관,흉통(심인성),급성 중심성 중증 통증(8-10),2
심혈관,흉통(심인성),심인성 통증,2
심혈관,흉통(비 심인성),중증 호흡곤란,1
심혈관,흉통(비 심인성),쇼크,1
심혈관,흉통(비 심인성),무의식(GCS 3-8),1
심혈관,흉통(비 심인성),중등도 호흡곤란,2
심혈관,흉통(비 심인성),혈역학적 장애,2
심혈관,흉통(비 심인성),의식변화(GCS 9-13),2
심혈관,흉통(비 심인성),"열,면역억제 상태",2
심혈관,흉통(비 심인성),패혈증 의증(3 SIRS 기준만족),2
심혈관,흉통(비 심인성),경증 호흡곤란,3
심혈관,흉통(비 심인성),"비정상 맥박수/맥박압 (혈역학적으로
안정)",3
심혈관,흉통(비 심인성),"열(아파보임),<3 SIRS 기준 만족",3
심혈관,흉통(비 심인성),"열(건강해보임), 1SIRS 기준만족(열)",4
심혈관,흉통(비 심인성),급성 중심성 중증 통증(8-10),2
심혈관,흉통(비 심인성),급성 중심성 중등도 통증(4-7),3
심혈관,흉통(비 심인성),급성 말초성 중증 통증 (8-10),3
심혈관,흉통(비 심인성),만성 중심성 중증 통증(8-10),3
심혈관,흉통(비 심인성),급성 중심성 경증 통증(<4),4
심혈관,흉통(비 심인성),급성 말초성 중등도 통증(4-7),4
심혈관,흉통(비 심인성),만성 중심성 중등도 통증(4-7),4
심혈관,흉통(비 심인성),만성 말초성 중증 통증(8-10),4
심혈관,흉통(비 심인성),만성 중심성 경증 통증(<4),5
심혈관,흉통(비 심인성),급성 말초성 경증 통증(<4),5
심혈관,흉통(비 심인성),만성 말초성 통증(<8),5
심혈관,흉통(비 심인성),"기타 중요한 가슴통증(잡아째는,
찢어지는 통증)",2
심혈관,흉통(비 심인성),"가슴통증, 비 심인성",5
심혈관,"심계항진/불규칙
심장박동",중증 호흡곤란,1
심혈관,심계항진/불규칙,쇼크,1
,심장박동,,
심혈관,"심계항진/불규칙
심장박동",무의식(GCS 3-8),1
심혈관,"심계항진/불규칙
심장박동",중등도 호흡곤란,2
심혈관,"심계항진/불규칙
심장박동",혈역학적 장애,2
심혈관,"심계항진/불규칙
심장박동",의식변화(GCS 9-13),2
심혈관,"심계항진/불규칙
심장박동","열,면역억제 상태",2
심혈관,"심계항진/불규칙
심장박동",패혈증 의증(3 SIRS 기준만족),2
심혈관,"심계항진/불규칙
심장박동",경증 호흡곤란,3
심혈관,"심계항진/불규칙
심장박동","비정상 맥박수/맥박압 (혈역학적으로
안정)",3
심혈관,"심계항진/불규칙
심장박동","열(아파보임),<3 SIRS 기준 만족",3
심혈관,"심계항진/불규칙
심장박동",심인성 가슴통증,2
심혈관,"심계항진/불규칙
심장박동","치명적일수 있는 부정맥의 병력이나
기록",2
심혈관,"심계항진/불규칙
심장박동","급성발병, 지속되는 증상",3
심혈관,"심계항진/불규칙
심장박동","심계항진 병력, 현재는 회복된 상태",4
심혈관,고혈압,중증 호흡곤란,1
심혈관,고혈압,쇼크,1
심혈관,고혈압,무의식(GCS 3-8),1
심혈관,고혈압,중등도 호흡곤란,2
심혈관,고혈압,혈역학적 장애,2
심혈관,고혈압,의식변화(GCS 9-13),2
심혈관,고혈압,"열,면역억제 상태",2
심혈관,고혈압,패혈증 의증(3 SIRS 기준만족),2
심혈관,고혈압,경증 호흡곤란,3
심혈관,고혈압,"비정상 맥박수/맥박압 (혈역학적으로
안정)",3
심혈관,고혈압,"열(아파보임),<3 SIRS 기준 만족",3
심혈관,고혈압,"고혈압(수축기혈압≥220혹은이완기혈압≥
130)증상있음+다음중한가지존재(숨이참,가
슴통증,혼미,급성두통,구역/구토)",2
심혈관,고혈압,"고혈압(수축기혈압≥220 혹은
이완기혈압≥130) 동반된 다른 증상 없음",3
심혈관,고혈압,"고혈압(수축기혈압 200-220 그리고
이완기혈압 110-130) 고혈압 증상 동반",3
심혈관,고혈압,"고혈압(수축기혈압 200-220와
이완기혈압 110-130), 무증상",4
심혈관,전신쇠약,중증 호흡곤란,1
심혈관,전신쇠약,쇼크,1
심혈관,전신쇠약,무의식(GCS 3-8),1
심혈관,전신쇠약,중등도 호흡곤란,2
심혈관,전신쇠약,혈역학적 장애,2
심혈관,전신쇠약,의식변화(GCS 9-13),2
심혈관,전신쇠약,"열,면역억제 상태",2
심혈관,전신쇠약,패혈증 의증(3 SIRS 기준만족),2
심혈관,전신쇠약,경증 호흡곤란,3
심혈관,전신쇠약,"비정상 맥박수/맥박압 (혈역학적으로
안정)",3
심혈관,전신쇠약,"열(아파보임),<3 SIRS 기준 만족",3
심혈관,전신쇠약,"열(건강해보임), 1SIRS 기준만족(열)",4
심혈관,전신쇠약,중증 탈수,1
심혈관,전신쇠약,중등도 탈수,2
심혈관,전신쇠약,갑자기 보행이 어려움,3
심혈관,전신쇠약,경증탈수,3
심혈관,전신쇠약,탈수의 가능성 있음,4
심혈관,전신쇠약,만성쇠약,4
심혈관,실신/전-실신,중증 호흡곤란,1
심혈관,실신/전-실신,쇼크,1
심혈관,실신/전-실신,무의식(GCS 3-8),1
심혈관,실신/전-실신,중등도 호흡곤란,2
심혈관,실신/전-실신,혈역학적 장애,2
심혈관,실신/전-실신,의식변화(GCS 9-13),2
심혈관,실신/전-실신,"열,면역억제 상태",2
심혈관,실신/전-실신,패혈증 의증(3 SIRS 기준만족),2
심혈관,실신/전-실신,경증 호흡곤란,3
심혈관,실신/전-실신,"비정상 맥박수/맥박압 (혈역학적으로
안정)",3
심혈관,실신/전-실신,"열(아파보임),<3 SIRS 기준 만족",3
심혈관,실신/전-실신,"새로 발병한 부정맥, 불규칙 맥박/
맥박수의 변화",2
심혈관,실신/전-실신,전구증상 없음,2
심혈관,실신/전-실신,운동 중 발생함,2
심혈관,실신/전-실신,"전구증상 후 발병 또는 급격한
자세변화시 발병",3
심혈관,실신/전-실신,"정상 활력, 증상회복",4
심혈관,전신성부종,중증 호흡곤란,1
심혈관,전신성부종,쇼크,1
심혈관,전신성부종,무의식(GCS 3-8),1
심혈관,전신성부종,중등도 호흡곤란,2
심혈관,전신성부종,혈역학적 장애,2
심혈관,전신성부종,의식변화(GCS 9-13),2
심혈관,전신성부종,"열,면역억제 상태",2
심혈관,전신성부종,패혈증 의증(3 SIRS 기준만족),2
심혈관,전신성부종,경증 호흡곤란,3
심혈관,전신성부종,"비정상 맥박수/맥박압 (혈역학적으로
안정)",3
심혈관,전신성부종,"열(아파보임),<3 SIRS 기준 만족",3
심혈관,전신성부종,"부종, 전신성, 정상활력",4
심혈관,양측성 다리부기/부종,중등도 호흡곤란,2
심혈관,양측성 다리부기/부종,혈역학적 장애,2
심혈관,양측성 다리부기/부종,의식변화(GCS 9-13),2
심혈관,양측성 다리부기/부종,"열,면역억제 상태",2
심혈관,양측성 다리부기/부종,패혈증 의증(3 SIRS 기준만족),2
심혈관,양측성 다리부기/부종,경증 호흡곤란,3
심혈관,양측성 다리부기/부종,"비정상 맥박수/맥박압 (혈역학적으로
안정)",3
심혈관,양측성 다리부기/부종,"열(아파보임),<3 SIRS 기준 만족",3
심혈관,양측성 다리부기/부종,"열(건강해보임), 1SIRS 기준만족(열)",4
심혈관,양측성 다리부기/부종,급성 말초성 중증 통증 (8-10),3
심혈관,양측성 다리부기/부종,급성 말초성 중등도 통증(4-7),4
심혈관,양측성 다리부기/부종,만성 말초성 중증 통증(8-10),4
심혈관,양측성 다리부기/부종,급성 말초성 경증 통증(<4),5
심혈관,양측성 다리부기/부종,만성 말초성 통증(<8),5
심혈관,양측성 다리부기/부종,"부종/양측성 다리부기, 만성",5
심혈관,"사지 말단부위에
맥박이 없고 차가움",중증 호흡곤란,1
심혈관,"사지 말단부위에
맥박이 없고 차가움",쇼크,1
심혈관,"사지 말단부위에
맥박이 없고 차가움",무의식(GCS 3-8),1
심혈관,"사지 말단부위에
맥박이 없고 차가움",중등도 호흡곤란,2
심혈관,"사지 말단부위에
맥박이 없고 차가움",혈역학적 장애,2
심혈관,"사지 말단부위에
맥박이 없고 차가움",의식변화(GCS 9-13),2
심혈관,"사지 말단부위에
맥박이 없고 차가움","열,면역억제 상태",2
심혈관,"사지 말단부위에
맥박이 없고 차가움",패혈증 의증(3 SIRS 기준만족),2
심혈관,"사지 말단부위에
맥박이 없고 차가움",사지 말단 부위에 맥박이 없고 차가움,2
심혈관,"일측성의 홍조 띈
뜨거운 사지",중등도 호흡곤란,2
심혈관,일측성의 홍조 띈,혈역학적 장애,2
,뜨거운 사지,,
심혈관,"일측성의 홍조 띈
뜨거운 사지",의식변화(GCS 9-13),2
심혈관,"일측성의 홍조 띈
뜨거운 사지","열,면역억제 상태",2
심혈관,"일측성의 홍조 띈
뜨거운 사지",패혈증 의증(3 SIRS 기준만족),2
심혈관,"일측성의 홍조 띈
뜨거운 사지",경증 호흡곤란,3
심혈관,"일측성의 홍조 띈
뜨거운 사지","비정상 맥박수/맥박압 (혈역학적으로
안정)",3
심혈관,"일측성의 홍조 띈
뜨거운 사지","열(아파보임),<3 SIRS 기준 만족",3
심혈관,"일측성의 홍조 띈
뜨거운 사지","열(건강해보임), 1SIRS 기준만족(열)",4
심혈관,"일측성의 홍조 띈
뜨거운 사지",급성 말초성 중증 통증 (8-10),3
심혈관,"일측성의 홍조 띈
뜨거운 사지",급성 말초성 중등도 통증(4-7),4
심혈관,"일측성의 홍조 띈
뜨거운 사지",광범위한 염증,3
심혈관,"일측성의 홍조 띈
뜨거운 사지",국소성 염증,4
소화기,복통,중증 호흡곤란,1
소화기,복통,쇼크,1
소화기,복통,무의식(GCS 3-8),1
소화기,복통,중등도 호흡곤란,2
소화기,복통,혈역학적 장애,2
소화기,복통,의식변화(GCS 9-13),2
소화기,복통,"열,면역억제 상태",2
소화기,복통,패혈증 의증(3 SIRS 기준만족),2
소화기,복통,경증 호흡곤란,3
소화기,복통,"비정상 맥박수/맥박압 (혈역학적으로
안정)",3
소화기,복통,"열(아파보임),<3 SIRS 기준 만족",3
소화기,복통,"열(건강해보임), 1SIRS 기준만족(열)",4
소화기,복통,급성 중심성 중증 통증(8-10),2
소화기,복통,급성 중심성 중등도 통증(4-7),3
소화기,복통,만성 중심성 중증 통증(8-10),3
소화기,복통,급성 중심성 경증 통증(<4),4
소화기,복통,만성 중심성 중등도 통증(4-7),4
소화기,복통,만성 중심성 경증 통증(<4),5
소화기,식욕부진,중등도 호흡곤란,2
소화기,식욕부진,혈역학적 장애,2
소화기,식욕부진,의식변화(GCS 9-13),2
소화기,식욕부진,"열,면역억제 상태",2
소화기,식욕부진,패혈증 의증(3 SIRS 기준만족),2
소화기,식욕부진,경증 호흡곤란,3
소화기,식욕부진,"비정상 맥박수/맥박압 (혈역학적으로
안정)",3
소화기,식욕부진,"열(아파보임),<3 SIRS 기준 만족",3
소화기,식욕부진,"열(건강해보임), 1SIRS 기준만족(열)",4
소화기,식욕부진,중요한 체중감소,3
소화기,식욕부진,"식욕부진, 건강해보임",4
소화기,변비,중등도 호흡곤란,2
소화기,변비,혈역학적 장애,2
소화기,변비,의식변화(GCS 9-13),2
소화기,변비,"열,면역억제 상태",2
소화기,변비,패혈증 의증(3 SIRS 기준만족),2
소화기,변비,경증 호흡곤란,3
소화기,변비,"비정상 맥박수/맥박압 (혈역학적으로
안정)",3
소화기,변비,"열(아파보임),<3 SIRS 기준 만족",3
소화기,변비,"열(건강해보임), 1SIRS 기준만족(열)",4
소화기,변비,급성 중심성 중증 통증(8-10),2
소화기,변비,급성 중심성 중등도 통증(4-7),3
소화기,변비,만성 중심성 중증 통증(8-10),3
소화기,변비,급성 중심성 경증 통증(<4),4
소화기,변비,만성 중심성 중등도 통증(4-7),4
소화기,변비,만성 중심성 경증 통증(<4),5
소화기,변비,단순변비,5
소화기,직장내 이물질,중등도 호흡곤란,2
소화기,직장내 이물질,혈역학적 장애,2
소화기,직장내 이물질,의식변화(GCS 9-13),2
소화기,직장내 이물질,"열,면역억제 상태",2
소화기,직장내 이물질,패혈증 의증(3 SIRS 기준만족),2
소화기,직장내 이물질,경증 호흡곤란,3
소화기,직장내 이물질,"비정상 맥박수/맥박압 (혈역학적으로
안정)",3
소화기,직장내 이물질,"열(아파보임),<3 SIRS 기준 만족",3
소화기,직장내 이물질,"열(건강해보임), 1SIRS 기준만족(열)",4
소화기,직장내 이물질,급성 말초성 중증 통증 (8-10),3
소화기,직장내 이물질,급성 말초성 중등도 통증(4-7),4
소화기,직장내 이물질,급성 말초성 경증 통증(<4),5
소화기,직장내 이물질,직장내 이물질,5
소화기,"샅고랑부위(Groin)통증/
종괴",중등도 호흡곤란,2
소화기,"샅고랑부위(Groin)통증/
종괴",혈역학적 장애,2
소화기,샅고랑부위(Groin)통증/,의식변화(GCS 9-13),2
,종괴,,
소화기,"샅고랑부위(Groin)통증/
종괴","열,면역억제 상태",2
소화기,"샅고랑부위(Groin)통증/
종괴",패혈증 의증(3 SIRS 기준만족),2
소화기,"샅고랑부위(Groin)통증/
종괴",경증 호흡곤란,3
소화기,"샅고랑부위(Groin)통증/
종괴","비정상 맥박수/맥박압 (혈역학적으로
안정)",3
소화기,"샅고랑부위(Groin)통증/
종괴","열(아파보임),<3 SIRS 기준 만족",3
소화기,"샅고랑부위(Groin)통증/
종괴","열(건강해보임), 1SIRS 기준만족(열)",4
소화기,"샅고랑부위(Groin)통증/
종괴",급성 중심성 중증 통증(8-10),2
소화기,"샅고랑부위(Groin)통증/
종괴",급성 중심성 중등도 통증(4-7),3
소화기,"샅고랑부위(Groin)통증/
종괴",만성 중심성 중증 통증(8-10),3
소화기,"샅고랑부위(Groin)통증/
종괴",급성 중심성 경증 통증(<4),4
소화기,"샅고랑부위(Groin)통증/
종괴",만성 중심성 중등도 통증(4-7),4
소화기,"샅고랑부위(Groin)통증/
종괴",만성 중심성 경증 통증(<4),5
소화기,"샅고랑부위(Groin)통증/
종괴",샅고랑부위(Groin)통증/종괴,5
소화기,구토/구역,중증 호흡곤란,1
소화기,구토/구역,쇼크,1
소화기,구토/구역,무의식(GCS 3-8),1
소화기,구토/구역,중등도 호흡곤란,2
소화기,구토/구역,혈역학적 장애,2
소화기,구토/구역,의식변화(GCS 9-13),2
소화기,구토/구역,"열,면역억제 상태",2
소화기,구토/구역,패혈증 의증(3 SIRS 기준만족),2
소화기,구토/구역,경증 호흡곤란,3
소화기,구토/구역,"비정상 맥박수/맥박압 (혈역학적으로
안정)",3
소화기,구토/구역,"열(아파보임),<3 SIRS 기준 만족",3
소화기,구토/구역,"열(건강해보임), 1SIRS 기준만족(열)",4
소화기,구토/구역,중증탈수,1
소화기,구토/구역,지속되는 상당량의 토혈,2
소화기,구토/구역,중등도 탈수,2
소화기,구토/구역,커피찌꺼기모양 구토/흑색변,3
소화기,구토/구역,경증탈수,3
소화기,구토/구역,탈수의 가능성 있음,4
소화기,구토/구역,"만성 구토/구역, 정상활력징후",5
소화기,직장/회음부 통증,중등도 호흡곤란,2
소화기,직장/회음부 통증,혈역학적 장애,2
소화기,직장/회음부 통증,의식변화(GCS 9-13),2
소화기,직장/회음부 통증,"열,면역억제 상태",2
소화기,직장/회음부 통증,패혈증 의증(3 SIRS 기준만족),2
소화기,직장/회음부 통증,경증 호흡곤란,3
소화기,직장/회음부 통증,"비정상 맥박수/맥박압 (혈역학적으로
안정)",3
소화기,직장/회음부 통증,"열(아파보임),<3 SIRS 기준 만족",3
소화기,직장/회음부 통증,"열(건강해보임), 1SIRS 기준만족(열)",4
소화기,직장/회음부 통증,급성 말초성 중증 통증 (8-10),3
소화기,직장/회음부 통증,급성 말초성 중등도 통증(4-7),4
소화기,직장/회음부 통증,만성 말초성 중증 통증(8-10),4
소화기,직장/회음부 통증,급성 말초성 경증 통증(<4),5
소화기,직장/회음부 통증,만성 말초성 통증(<8),5
소화기,설사,중증 호흡곤란,1
소화기,설사,쇼크,1
소화기,설사,무의식(GCS 3-8),1
소화기,설사,중등도 호흡곤란,2
소화기,설사,혈역학적 장애,2
소화기,설사,의식변화(GCS 9-13),2
소화기,설사,"열,면역억제 상태",2
소화기,설사,패혈증 의증(3 SIRS 기준만족),2
소화기,설사,경증 호흡곤란,3
소화기,설사,"비정상 맥박수/맥박압 (혈역학적으로
안정)",3
소화기,설사,"열(건강해보임), 1SIRS 기준만족(열)",4
소화기,설사,"열(아파보임),<3 SIRS 기준 만족",3
소화기,설사,중증탈수,1
소화기,설사,중등도 탈수,2
소화기,설사,멈추지 않는 혈성 설사,3
소화기,설사,경증탈수,3
소화기,설사,"만성설사, 정상 활력징후",5
소화기,토혈,중증 호흡곤란,1
소화기,토혈,쇼크,1
소화기,토혈,무의식(GCS 3-8),1
소화기,토혈,중등도 호흡곤란,2
소화기,토혈,혈역학적 장애,2
소화기,토혈,의식변화(GCS 9-13),2
소화기,토혈,"열,면역억제 상태",2
소화기,토혈,패혈증 의증(3 SIRS 기준만족),2
소화기,토혈,경증 호흡곤란,3
소화기,토혈,"비정상 맥박수/맥박압 (혈역학적으로
안정)",3
소화기,토혈,"열(아파보임),<3 SIRS 기준 만족",3
소화기,토혈,"출혈성 질환(생명이나 사지에 위급한
출혈)",2
소화기,토혈,출혈성 질환(중등도나 경증의 출혈),3
소화기,토혈,두드러진 또는 중요한 토혈,2
소화기,토혈,커피찌꺼기 모양 구토/흑색변,3
소화기,토혈,"적은양, 정상 활력징후",3
소화기,혈변/흑색변,중증 호흡곤란,1
소화기,혈변/흑색변,쇼크,1
소화기,혈변/흑색변,무의식(GCS 3-8),1
소화기,혈변/흑색변,중등도 호흡곤란,2
소화기,혈변/흑색변,혈역학적 장애,2
소화기,혈변/흑색변,의식변화(GCS 9-13),2
소화기,혈변/흑색변,"열,면역억제 상태",2
소화기,혈변/흑색변,패혈증 의증(3 SIRS 기준만족),2
소화기,혈변/흑색변,경증 호흡곤란,3
소화기,혈변/흑색변,"비정상 맥박수/맥박압 (혈역학적으로
안정)",3
소화기,혈변/흑색변,"열(아파보임),<3 SIRS 기준 만족",3
소화기,혈변/흑색변,"열(건강해보임), 1SIRS 기준만족(열)",4
소화기,혈변/흑색변,"출혈성 질환(생명이나 사지에 위급한
출혈)",2
소화기,혈변/흑색변,출혈성 질환(중등도나 경증의 출혈),3
소화기,혈변/흑색변,많은양의 흑색변 또는 직장출혈,2
소화기,혈변/흑색변,중등도 양의 흑색변 또는 직장출혈,3
소화기,혈변/흑색변,적은양의 직장출혈,4
소화기,황달,중등도 호흡곤란,2
소화기,황달,혈역학적 장애,2
소화기,황달,의식변화(GCS 9-13),2
소화기,황달,"열,면역억제 상태",2
소화기,황달,패혈증 의증(3 SIRS 기준만족),2
소화기,황달,"열(건강해보임), 1SIRS 기준만족(열)",4
소화기,황달,경증 호흡곤란,3
소화기,황달,"비정상 맥박수/맥박압 (혈역학적으로
안정)",3
소화기,황달,"열(아파보임),<3 SIRS 기준 만족",3
소화기,황달,급성 중심성 중증 통증(8-10),2
소화기,황달,급성 중심성 중등도 통증(4-7),3
소화기,황달,만성 중심성 중증 통증(8-10),3
소화기,황달,급성 중심성 경증 통증(<4),4
소화기,황달,만성 중심성 중등도 통증(4-7),4
소화기,황달,만성 중심성 경증 통증(<4),5
소화기,황달,"황달, 건강해보임",5
소화기,딸꾹질,"열(아파보임),<3 SIRS 기준 만족",3
소화기,딸꾹질,"열(건강해보임), 1SIRS 기준만족(열)",4
소화기,딸꾹질,급성 말초성 중증 통증 (8-10),3
소화기,딸꾹질,급성 말초성 중등도 통증(4-7),4
소화기,딸꾹질,급성 말초성 경증 통증(<4),5
소화기,딸꾹질,"딸국질, 만성, 힘들어 보이지 않음",5
소화기,복부종괴/팽만,중증 호흡곤란,1
소화기,복부종괴/팽만,쇼크,1
소화기,복부종괴/팽만,무의식(GCS 3-8),1
소화기,복부종괴/팽만,중등도 호흡곤란,2
소화기,복부종괴/팽만,혈역학적 장애,2
소화기,복부종괴/팽만,의식변화(GCS 9-13),2
소화기,복부종괴/팽만,"열,면역억제 상태",2
소화기,복부종괴/팽만,패혈증 의증(3 SIRS 기준만족),2
소화기,복부종괴/팽만,경증 호흡곤란,3
소화기,복부종괴/팽만,"비정상 맥박수/맥박압 (혈역학적으로
안정)",3
소화기,복부종괴/팽만,"열(아파보임),<3 SIRS 기준 만족",3
소화기,복부종괴/팽만,"열(건강해보임), 1SIRS 기준만족(열)",4
소화기,복부종괴/팽만,급성 중심성 중증 통증(8-10),2
소화기,복부종괴/팽만,급성 중심성 중등도 통증(4-7),3
소화기,복부종괴/팽만,만성 중심성 중증 통증(8-10),3
소화기,복부종괴/팽만,급성 중심성 경증 통증(<4),4
소화기,복부종괴/팽만,만성 중심성 중등도 통증(4-7),4
소화기,복부종괴/팽만,만성 중심성 경증 통증(<4),5
소화기,복부종괴/팽만,지속적인 구토,3
소화기,복부종괴/팽만,"만성 복부 종괴/팽만, 건강해 보임",5
소화기,항문/직장외상,중등도 호흡곤란,2
소화기,항문/직장외상,혈역학적 장애,2
소화기,항문/직장외상,의식변화(GCS 9-13),2
소화기,항문/직장외상,"열,면역억제 상태",2
소화기,항문/직장외상,패혈증 의증(3 SIRS 기준만족),2
소화기,항문/직장외상,경증 호흡곤란,3
소화기,항문/직장외상,"비정상 맥박수/맥박압 (혈역학적으로
안정)",3
소화기,항문/직장외상,"열(아파보임),<3 SIRS 기준 만족",3
소화기,항문/직장외상,"열(건강해보임), 1SIRS 기준만족(열)",4
소화기,항문/직장외상,급성 중심성 중증 통증(8-10),2
소화기,항문/직장외상,"출혈성 질환(생명이나 사지에 위급한
출혈)",2
소화기,항문/직장외상,급성 중심성 중등도 통증(4-7),3
소화기,항문/직장외상,출혈성 질환(중등도나 경증의 출혈),3
소화기,항문/직장외상,급성 중심성 경증 통증(<4),4
소화기,항문/직장외상,항문/직장 외상,5
소화기,구강/식도이물질,중증 호흡곤란,1
소화기,구강/식도이물질,쇼크,1
소화기,구강/식도이물질,무의식(GCS 3-8),1
소화기,구강/식도이물질,중등도 호흡곤란,2
소화기,구강/식도이물질,혈역학적 장애,2
소화기,구강/식도이물질,의식변화(GCS 9-13),2
소화기,구강/식도이물질,"열,면역억제 상태",2
소화기,구강/식도이물질,패혈증 의증(3 SIRS 기준만족),2
소화기,구강/식도이물질,경증 호흡곤란,3
소화기,구강/식도이물질,"비정상 맥박수/맥박압 (혈역학적으로
안정)",3
소화기,구강/식도이물질,"열(아파보임),<3 SIRS 기준 만족",3
소화기,구강/식도이물질,"열(건강해보임), 1SIRS 기준만족(열)",4
소화기,구강/식도이물질,급성 중심성 중증 통증(8-10),2
소화기,구강/식도이물질,급성 중심성 중등도 통증(4-7),3
소화기,구강/식도이물질,급성 중심성 경증 통증(<4),4
소화기,구강/식도이물질,침흘림 또는 협착음,2
소화기,구강/식도이물질,목쉰소리와 언어장애,2
소화기,구강/식도이물질,지속적인 구토,3
소화기,구강/식도이물질,연하곤란이나 호흡곤란 없음,4
산부인과,생리문제,중증 호흡곤란,1
산부인과,생리문제,쇼크,1
산부인과,생리문제,무의식(GCS 3-8),1
산부인과,생리문제,중등도 호흡곤란,2
산부인과,생리문제,혈역학적 장애,2
산부인과,생리문제,의식변화(GCS 9-13),2
산부인과,생리문제,"열,면역억제 상태",2
산부인과,생리문제,패혈증 의증(3 SIRS 기준만족),2
산부인과,생리문제,경증 호흡곤란,3
산부인과,생리문제,"비정상 맥박수/맥박압 (혈역학적으로
안정)",3
산부인과,생리문제,"열(아파보임),<3 SIRS 기준 만족",3
산부인과,생리문제,"열(건강해보임), 1SIRS 기준만족(열)",4
산부인과,생리문제,급성 중심성 중증 통증(8-10),2
산부인과,생리문제,급성 중심성 중등도 통증(4-7),3
산부인과,생리문제,급성 중심성 경증 통증(<4),4
산부인과,생리문제,생리문제,4
산부인과,질내 이물질,중증 호흡곤란,1
산부인과,질내 이물질,쇼크,1
산부인과,질내 이물질,무의식(GCS 3-8),1
산부인과,질내 이물질,중등도 호흡곤란,2
산부인과,질내 이물질,혈역학적 장애,2
산부인과,질내 이물질,의식변화(GCS 9-13),2
산부인과,질내 이물질,"열,면역억제 상태",2
산부인과,질내 이물질,패혈증 의증(3 SIRS 기준만족),2
산부인과,질내 이물질,경증 호흡곤란,3
산부인과,질내 이물질,"비정상 맥박수/맥박압 (혈역학적으로
안정)",3
산부인과,질내 이물질,"열(아파보임),<3 SIRS 기준 만족",3
산부인과,질내 이물질,"열(건강해보임), 1SIRS 기준만족(열)",4
산부인과,질내 이물질,급성 말초성 중증 통증 (8-10),3
산부인과,질내 이물질,급성 말초성 중등도 통증(4-7),4
산부인과,질내 이물질,급성 말초성 경증 통증(<4),5
산부인과,질내 이물질,질내 이물질,5
산부인과,질 분비물,중등도 호흡곤란,2
산부인과,질 분비물,혈역학적 장애,2
산부인과,질 분비물,의식변화(GCS 9-13),2
산부인과,질 분비물,"열,면역억제 상태",2
산부인과,질 분비물,패혈증 의증(3 SIRS 기준만족),2
산부인과,질 분비물,경증 호흡곤란,3
산부인과,질 분비물,"비정상 맥박수/맥박압 (혈역학적으로
안정)",3
산부인과,질 분비물,"열(아파보임),<3 SIRS 기준 만족",3
산부인과,질 분비물,"열(건강해보임), 1SIRS 기준만족(열)",4
산부인과,질 분비물,급성 말초성 중증 통증 (8-10),3
산부인과,질 분비물,급성 말초성 중등도 통증(4-7),4
산부인과,질 분비물,급성 말초성 경증 통증(<4),5
산부인과,질 분비물,경증인 경우,5
산부인과,질통증/가려움,급성 말초성 중증 통증 (8-10),3
산부인과,질통증/가려움,급성 말초성 중등도 통증(4-7),4
산부인과,질통증/가려움,급성 말초성 경증 통증(<4),5
산부인과,질통증/가려움,"질통증, 가려움 동반",5
산부인과,질출혈,중증 호흡곤란,1
산부인과,질출혈,쇼크,1
산부인과,질출혈,무의식(GCS 3-8),1
산부인과,질출혈,중등도 호흡곤란,2
산부인과,질출혈,혈역학적 장애,2
산부인과,질출혈,의식변화(GCS 9-13),2
산부인과,질출혈,"열,면역억제 상태",2
산부인과,질출혈,패혈증 의증(3 SIRS 기준만족),2
산부인과,질출혈,경증 호흡곤란,3
산부인과,질출혈,"비정상 맥박수/맥박압 (혈역학적으로
안정)",3
산부인과,질출혈,"열(아파보임),<3 SIRS 기준 만족",3
산부인과,질출혈,"열(건강해보임), 1SIRS 기준만족(열)",4
산부인과,질출혈,급성 중심성 중증 통증(8-10),2
산부인과,질출혈,"출혈성 질환(생명이나 사지에 위급한
출혈)",2
산부인과,질출혈,급성 중심성 중등도 통증(4-7),3
산부인과,질출혈,출혈성 질환(중등도나 경증의 출혈),3
산부인과,질출혈,급성 중심성 경증 통증(<4),4
산부인과,질출혈,임신과 관련된 다량의 질출혈,1
산부인과,질출혈,임신과 관련없는 다량의 질출혈,2
산부인과,질출혈,질출혈-정상활력징후,3
산부인과,질출혈,질출혈-경증/점상출혈,4
산부인과,음순부종,중등도 호흡곤란,2
산부인과,음순부종,혈역학적 장애,2
산부인과,음순부종,의식변화(GCS 9-13),2
산부인과,음순부종,"열,면역억제 상태",2
산부인과,음순부종,패혈증 의증(3 SIRS 기준만족),2
산부인과,음순부종,경증 호흡곤란,3
산부인과,음순부종,"비정상 맥박수/맥박압 (혈역학적으로
안정)",3
산부인과,음순부종,"열(아파보임),<3 SIRS 기준 만족",3
산부인과,음순부종,"열(건강해보임), 1SIRS 기준만족(열)",4
산부인과,음순부종,급성 말초성 중증 통증 (8-10),3
산부인과,음순부종,급성 말초성 중등도 통증(4-7),4
산부인과,음순부종,급성 말초성 경증 통증(<4),5
산부인과,음순부종,음순부종,5
산부인과,20주 미만의 임신,중증 호흡곤란,1
산부인과,20주 미만의 임신,쇼크,1
산부인과,20주 미만의 임신,무의식(GCS 3-8),1
산부인과,20주 미만의 임신,중등도 호흡곤란,2
산부인과,20주 미만의 임신,혈역학적 장애,2
산부인과,20주 미만의 임신,의식변화(GCS 9-13),2
산부인과,20주 미만의 임신,"열,면역억제 상태",2
산부인과,20주 미만의 임신,패혈증 의증(3 SIRS 기준만족),2
산부인과,20주 미만의 임신,경증 호흡곤란,3
산부인과,20주 미만의 임신,"비정상 맥박수/맥박압 (혈역학적으로
안정)",3
산부인과,20주 미만의 임신,"열(아파보임),<3 SIRS 기준 만족",3
산부인과,20주 미만의 임신,"열(건강해보임), 1SIRS 기준만족(열)",4
산부인과,20주 미만의 임신,급성 중심성 중증 통증(8-10),2
산부인과,20주 미만의 임신,"출혈성 질환(생명이나 사지에 위급한
출혈)",2
산부인과,20주 미만의 임신,고위험성 사고기전,2
산부인과,20주 미만의 임신,급성 중심성 중등도 통증(4-7),3
산부인과,20주 미만의 임신,출혈성 질환(중등도나 경증의 출혈),3
산부인과,20주 미만의 임신,급성 중심성 경증 통증(<4),4
산부인과,20주 미만의 임신,"임신과 관련되거나 다른 원인으로 인한
다량의 질출혈",2
산부인과,20주 미만의 임신,질출혈 (활력징후 정상),3
산부인과,20주 미만의 임신,질출혈 (경증/점상출혈),4
산부인과,20주 미만의 임신,임신주수<20주,4
산부인과,20주 이상의 임신,중증 호흡곤란,1
산부인과,20주 이상의 임신,쇼크,1
산부인과,20주 이상의 임신,무의식(GCS 3-8),1
산부인과,20주 이상의 임신,중등도 호흡곤란,2
산부인과,20주 이상의 임신,혈역학적 장애,2
산부인과,20주 이상의 임신,의식변화(GCS 9-13),2
산부인과,20주 이상의 임신,"열,면역억제 상태",2
산부인과,20주 이상의 임신,패혈증 의증(3 SIRS 기준만족),2
산부인과,20주 이상의 임신,경증 호흡곤란,3
산부인과,20주 이상의 임신,"비정상 맥박수/맥박압 (혈역학적으로
안정)",3
산부인과,20주 이상의 임신,"열(아파보임),<3 SIRS 기준 만족",3
산부인과,20주 이상의 임신,"열(건강해보임), 1SIRS 기준만족(열)",4
산부인과,20주 이상의 임신,급성 중심성 중증 통증(8-10),2
산부인과,20주 이상의 임신,"출혈성 질환(생명이나 사지에 위급한
출혈)",2
산부인과,20주 이상의 임신,고위험성 사고기전,2
산부인과,20주 이상의 임신,급성 중심성 중등도 통증(4-7),3
산부인과,20주 이상의 임신,출혈성 질환(중등도나 경증의 출혈),3
산부인과,20주 이상의 임신,급성 중심성 경증 통증(<4),4
산부인과,20주 이상의 임신,태아의 일부분이 보이거나 탯줄 탈출,1
산부인과,20주 이상의 임신,임신말기의 질출혈,1
산부인과,20주 이상의 임신,분만(자궁수축<2분),2
산부인과,20주 이상의 임신,"임신주수>20주, 태동없음/태아심음없음",2
산부인과,20주 이상의 임신,"임신주수>20주, 두통±부종±복부통증±
고혈압",2
산부인과,20주 이상의 임신,출산직후,2
산부인과,20주 이상의 임신,분만(자궁수축>2분),3
산부인과,20주 이상의 임신,"임신주수>20주, 양수 누출 가능성",3
산부인과,20주 이상의 임신,임신주수>20주,4
산부인과,성폭행,중증 호흡곤란,1
산부인과,성폭행,쇼크,1
산부인과,성폭행,무의식(GCS 3-8),1
산부인과,성폭행,중등도 호흡곤란,2
산부인과,성폭행,혈역학적 장애,2
산부인과,성폭행,의식변화(GCS 9-13),2
산부인과,성폭행,"열,면역억제 상태",2
산부인과,성폭행,패혈증 의증(3 SIRS 기준만족),2
산부인과,성폭행,경증 호흡곤란,3
산부인과,성폭행,"비정상 맥박수/맥박압 (혈역학적으로
안정)",3
산부인과,성폭행,"열(아파보임),<3 SIRS 기준 만족",3
산부인과,성폭행,"열(건강해보임), 1SIRS 기준만족(열)",4
산부인과,성폭행,급성 중심성 중증 통증(8-10),2
산부인과,성폭행,급성 중심성 중등도 통증(4-7),3
산부인과,성폭행,급성 중심성 경증 통증(<4),4
산부인과,성폭행,<2시간,2
산부인과,성폭행,>= 2시간부터 <12시간,3
산부인과,성폭행,>= 12시간; 손상없음,4
비뇨기과,옆구리 통증,중증 호흡곤란,1
비뇨기과,옆구리 통증,쇼크,1
비뇨기과,옆구리 통증,무의식(GCS 3-8),1
비뇨기과,옆구리 통증,중등도 호흡곤란,2
비뇨기과,옆구리 통증,혈역학적 장애,2
비뇨기과,옆구리 통증,의식변화(GCS 9-13),2
비뇨기과,옆구리 통증,"열,면역억제 상태",2
비뇨기과,옆구리 통증,패혈증 의증(3 SIRS 기준만족),2
비뇨기과,옆구리 통증,급성 중심성 중증 통증(8-10),2
비뇨기과,옆구리 통증,경증 호흡곤란,3
비뇨기과,옆구리 통증,"비정상 맥박수/맥박압 (혈역학적으로
안정)",3
비뇨기과,옆구리 통증,"열(아파보임),<3 SIRS 기준 만족",3
비뇨기과,옆구리 통증,급성 중심성 중등도 통증(4-7),3
비뇨기과,옆구리 통증,만성 중심성 중증 통증(8-10),3
비뇨기과,옆구리 통증,"열(건강해보임), 1SIRS 기준만족(열)",4
비뇨기과,옆구리 통증,급성 중심성 경증 통증(<4),4
비뇨기과,옆구리 통증,만성 중심성 중등도 통증(4-7),4
비뇨기과,옆구리 통증,만성 중심성 경증 통증(<4),5
비뇨기과,혈뇨,중증 호흡곤란,1
비뇨기과,혈뇨,쇼크,1
비뇨기과,혈뇨,무의식(GCS 3-8),1
비뇨기과,혈뇨,중등도 호흡곤란,2
비뇨기과,혈뇨,혈역학적 장애,2
비뇨기과,혈뇨,의식변화(GCS 9-13),2
비뇨기과,혈뇨,"열,면역억제 상태",2
비뇨기과,혈뇨,패혈증 의증(3 SIRS 기준만족),2
비뇨기과,혈뇨,경증 호흡곤란,3
비뇨기과,혈뇨,"비정상 맥박수/맥박압 (혈역학적으로
안정)",3
비뇨기과,혈뇨,"열(아파보임),<3 SIRS 기준 만족",3
비뇨기과,혈뇨,"열(건강해보임), 1SIRS 기준만족(열)",4
비뇨기과,혈뇨,급성 중심성 중증 통증(8-10),2
비뇨기과,혈뇨,"출혈성 질환(생명이나 사지에 위급한
출혈)",2
비뇨기과,혈뇨,급성 중심성 중등도 통증(4-7),3
비뇨기과,혈뇨,급성 말초성 중증 통증 (8-10),3
비뇨기과,혈뇨,만성 중심성 중증 통증(8-10),3
비뇨기과,혈뇨,출혈성 질환(중등도나 경증의 출혈),3
비뇨기과,혈뇨,급성 중심성 경증 통증(<4),4
비뇨기과,혈뇨,급성 말초성 중등도 통증(4-7),4
비뇨기과,혈뇨,만성 중심성 중등도 통증(4-7),4
비뇨기과,혈뇨,만성 말초성 중증 통증(8-10),4
비뇨기과,혈뇨,만성 중심성 경증 통증(<4),5
비뇨기과,혈뇨,급성 말초성 경증 통증(<4),5
비뇨기과,혈뇨,만성 말초성 통증(<8),5
비뇨기과,"생식기의
분비물/피부병변",경증 호흡곤란,3
비뇨기과,"생식기의
분비물/피부병변","비정상 맥박수/맥박압 (혈역학적으로
안정)",3
비뇨기과,"생식기의
분비물/피부병변","열(아파보임),<3 SIRS 기준 만족",3
비뇨기과,"생식기의
분비물/피부병변","열(건강해보임), 1SIRS 기준만족(열)",4
비뇨기과,"생식기의
분비물/피부병변",급성 말초성 중증 통증 (8-10),3
비뇨기과,"생식기의
분비물/피부병변",급성 말초성 중등도 통증(4-7),4
비뇨기과,"생식기의
분비물/피부병변",만성 말초성 중증 통증(8-10),4
비뇨기과,"생식기의
분비물/피부병변",급성 말초성 경증 통증(<4),5
비뇨기과,"생식기의
분비물/피부병변",만성 말초성 통증(<8),5
비뇨기과,"생식기의
분비물/피부병변",생식기의 분비물/피부병변,5
비뇨기과,음경부종,중등도 호흡곤란,2
비뇨기과,음경부종,혈역학적 장애,2
비뇨기과,음경부종,의식변화(GCS 9-13),2
비뇨기과,음경부종,"열,면역억제 상태",2
비뇨기과,음경부종,패혈증 의증(3 SIRS 기준만족),2
비뇨기과,음경부종,경증 호흡곤란,3
비뇨기과,음경부종,"비정상 맥박수/맥박압 (혈역학적으로
안정)",3
비뇨기과,음경부종,"열(아파보임),<3 SIRS 기준 만족",3
비뇨기과,음경부종,"열(건강해보임), 1SIRS 기준만족(열)",4
비뇨기과,음경부종,급성 말초성 중증 통증 (8-10),3
비뇨기과,음경부종,급성 말초성 중등도 통증(4-7),4
비뇨기과,음경부종,만성 말초성 중증 통증(8-10),4
비뇨기과,음경부종,급성 말초성 경증 통증(<4),5
비뇨기과,음경부종,만성 말초성 통증(<8),5
비뇨기과,음경부종,지속발기증,2
비뇨기과,음경부종,"감돈포경(안으로 말린 음경꺼풀,
정복되지 않음)",2
비뇨기과,음경부종,음경부종,5
비뇨기과,고환 통증/부종,중등도 호흡곤란,2
비뇨기과,고환 통증/부종,혈역학적 장애,2
비뇨기과,고환 통증/부종,의식변화(GCS 9-13),2
비뇨기과,고환 통증/부종,"열,면역억제 상태",2
비뇨기과,고환 통증/부종,패혈증 의증(3 SIRS 기준만족),2
비뇨기과,고환 통증/부종,경증 호흡곤란,3
비뇨기과,고환 통증/부종,"비정상 맥박수/맥박압 (혈역학적으로
안정)",3
비뇨기과,고환 통증/부종,"열(아파보임),<3 SIRS 기준 만족",3
비뇨기과,고환 통증/부종,"열(건강해보임), 1SIRS 기준만족(열)",4
비뇨기과,고환 통증/부종,급성 중심성 중증 통증(8-10),2
비뇨기과,고환 통증/부종,급성 중심성 중등도 통증(4-7),3
비뇨기과,고환 통증/부종,만성 중심성 중증 통증(8-10),3
비뇨기과,고환 통증/부종,급성 중심성 경증 통증(<4),4
비뇨기과,고환 통증/부종,만성 중심성 중등도 통증(4-7),4
비뇨기과,고환 통증/부종,만성 중심성 경증 통증(<4),5
비뇨기과,고환 통증/부종,고환 통증/부종,5
비뇨기과,소변 배출장애,"열,면역억제 상태",2
비뇨기과,소변 배출장애,패혈증 의증(3 SIRS 기준만족),2
비뇨기과,소변 배출장애,"열(아파보임),<3 SIRS 기준 만족",3
비뇨기과,소변 배출장애,"열(건강해보임), 1SIRS 기준만족(열)",4
비뇨기과,소변 배출장애,급성 중심성 중증 통증(8-10),2
비뇨기과,소변 배출장애,급성 중심성 중등도 통증(4-7),3
비뇨기과,소변 배출장애,만성 중심성 중증 통증(8-10),3
비뇨기과,소변 배출장애,급성 중심성 경증 통증(<4),4
비뇨기과,소변 배출장애,만성 중심성 중등도 통증(4-7),4
비뇨기과,소변 배출장애,만성 중심성 경증 통증(<4),5
비뇨기과,소변 배출장애,소변 배출장애,4
비뇨기과,요로감염 증상,중등도 호흡곤란,2
비뇨기과,요로감염 증상,혈역학적 장애,2
비뇨기과,요로감염 증상,의식변화(GCS 9-13),2
비뇨기과,요로감염 증상,"열,면역억제 상태",2
비뇨기과,요로감염 증상,패혈증 의증(3 SIRS 기준만족),2
비뇨기과,요로감염 증상,경증 호흡곤란,3
비뇨기과,요로감염 증상,"비정상 맥박수/맥박압 (혈역학적으로
안정)",3
비뇨기과,요로감염 증상,"열(아파보임),<3 SIRS 기준 만족",3
비뇨기과,요로감염 증상,"열(건강해보임), 1SIRS 기준만족(열)",4
비뇨기과,요로감염 증상,급성 중심성 중증 통증(8-10),2
비뇨기과,요로감염 증상,급성 중심성 중등도 통증(4-7),3
비뇨기과,요로감염 증상,급성 말초성 중증 통증 (8-10),3
비뇨기과,요로감염 증상,만성 중심성 중증 통증(8-10),3
비뇨기과,요로감염 증상,급성 중심성 경증 통증(<4),4
비뇨기과,요로감염 증상,급성 말초성 중등도 통증(4-7),4
비뇨기과,요로감염 증상,만성 중심성 중등도 통증(4-7),4
비뇨기과,요로감염 증상,만성 중심성 경증 통증(<4),5
비뇨기과,요로감염 증상,급성 말초성 경증 통증(<4),5
비뇨기과,요로감염 증상,"만성, 경증 요로감염 증상호소/증상",5
비뇨기과,핍뇨증,중증 호흡곤란,1
비뇨기과,핍뇨증,쇼크,1
비뇨기과,핍뇨증,무의식(GCS 3-8),1
비뇨기과,핍뇨증,중등도 호흡곤란,2
비뇨기과,핍뇨증,혈역학적 장애,2
비뇨기과,핍뇨증,의식변화(GCS 9-13),2
비뇨기과,핍뇨증,"열,면역억제 상태",2
비뇨기과,핍뇨증,패혈증 의증(3 SIRS 기준만족),2
비뇨기과,핍뇨증,경증 호흡곤란,3
비뇨기과,핍뇨증,"비정상 맥박수/맥박압 (혈역학적으로
안정)",3
비뇨기과,핍뇨증,"열(아파보임),<3 SIRS 기준 만족",3
비뇨기과,핍뇨증,"열(건강해보임), 1SIRS 기준만족(열)",4
비뇨기과,핍뇨증,급성 중심성 중증 통증(8-10),2
비뇨기과,핍뇨증,급성 중심성 중등도 통증(4-7),3
비뇨기과,핍뇨증,급성 중심성 경증 통증(<4),4
비뇨기과,핍뇨증,핍뇨증,4
비뇨기과,다뇨증,중증 호흡곤란,1
비뇨기과,다뇨증,쇼크,1
비뇨기과,다뇨증,무의식(GCS 3-8),1
비뇨기과,다뇨증,중등도 호흡곤란,2
비뇨기과,다뇨증,혈역학적 장애,2
비뇨기과,다뇨증,의식변화(GCS 9-13),2
비뇨기과,다뇨증,"열,면역억제 상태",2
비뇨기과,다뇨증,패혈증 의증(3 SIRS 기준만족),2
비뇨기과,다뇨증,경증 호흡곤란,3
비뇨기과,다뇨증,"비정상 맥박수/맥박압 (혈역학적으로
안정)",3
비뇨기과,다뇨증,"열(아파보임),<3 SIRS 기준 만족",3
비뇨기과,다뇨증,"열(건강해보임), 1SIRS 기준만족(열)",4
비뇨기과,다뇨증,급성 중심성 중증 통증(8-10),2
비뇨기과,다뇨증,급성 중심성 중등도 통증(4-7),3
비뇨기과,다뇨증,급성 중심성 경증 통증(<4),4
비뇨기과,다뇨증,다뇨증,4
비뇨기과,생식기의 외상,중증 호흡곤란,1
비뇨기과,생식기의 외상,쇼크,1
비뇨기과,생식기의 외상,무의식(GCS 3-8),1
비뇨기과,생식기의 외상,중등도 호흡곤란,2
비뇨기과,생식기의 외상,혈역학적 장애,2
비뇨기과,생식기의 외상,의식변화(GCS 9-13),2
비뇨기과,생식기의 외상,"열,면역억제 상태",2
비뇨기과,생식기의 외상,패혈증 의증(3 SIRS 기준만족),2
비뇨기과,생식기의 외상,경증 호흡곤란,3
비뇨기과,생식기의 외상,"비정상 맥박수/맥박압 (혈역학적으로
안정)",3
비뇨기과,생식기의 외상,"열(아파보임),<3 SIRS 기준 만족",3
비뇨기과,생식기의 외상,"열(건강해보임), 1SIRS 기준만족(열)",4
비뇨기과,생식기의 외상,급성 중심성 중증 통증(8-10),2
비뇨기과,생식기의 외상,"출혈성 질환(생명이나 사지에 위급한
출혈)",2
비뇨기과,생식기의 외상,급성 중심성 중등도 통증(4-7),3
비뇨기과,생식기의 외상,만성 중심성 중증 통증(8-10),3
비뇨기과,생식기의 외상,출혈성 질환(중등도나 경증의 출혈),3
비뇨기과,생식기의 외상,급성 중심성 경증 통증(<4),4
비뇨기과,생식기의 외상,만성 중심성 중등도 통증(4-7),4
비뇨기과,생식기의 외상,만성 중심성 경증 통증(<4),5
비뇨기과,생식기의 외상,"성폭행, 안정되어 있음",3
비뇨기과,생식기의 외상,"생식기의 외상, 통증없음",5
정형외과,요통,중증 호흡곤란,1
정형외과,요통,쇼크,1
정형외과,요통,무의식(GCS 3-8),1
정형외과,요통,중등도 호흡곤란,2
정형외과,요통,혈역학적 장애,2
정형외과,요통,의식변화(GCS 9-13),2
정형외과,요통,"열,면역억제 상태",2
정형외과,요통,패혈증 의증(3 SIRS 기준만족),2
정형외과,요통,경증 호흡곤란,3
정형외과,요통,"비정상 맥박수/맥박압 (혈역학적으로
안정)",3
정형외과,요통,"열(아파보임),<3 SIRS 기준 만족",3
정형외과,요통,"열(건강해보임), 1SIRS 기준만족(열)",4
정형외과,요통,급성 중심성 중증 통증(8-10),2
정형외과,요통,급성 중심성 중등도 통증(4-7),3
정형외과,요통,만성 중심성 중증 통증(8-10),3
정형외과,요통,급성 중심성 경증 통증(<4),4
정형외과,요통,만성 중심성 중등도 통증(4-7),4
정형외과,요통,만성 중심성 경증 통증(<4),5
정형외과,요통,신경학적손상±장과방광의기능장애,2
정형외과,요통,요통,5
정형외과,외상성 등/척추 손상,중증 호흡곤란,1
정형외과,외상성 등/척추 손상,쇼크,1
정형외과,외상성 등/척추 손상,무의식(GCS 3-8),1
정형외과,외상성 등/척추 손상,중등도 호흡곤란,2
정형외과,외상성 등/척추 손상,혈역학적 장애,2
정형외과,외상성 등/척추 손상,의식변화(GCS 9-13),2
정형외과,외상성 등/척추 손상,"열,면역억제 상태",2
정형외과,외상성 등/척추 손상,패혈증 의증(3 SIRS 기준만족),2
정형외과,외상성 등/척추 손상,경증 호흡곤란,3
정형외과,외상성 등/척추 손상,"비정상 맥박수/맥박압 (혈역학적으로
안정)",3
정형외과,외상성 등/척추 손상,"열(아파보임),<3 SIRS 기준 만족",3
정형외과,외상성 등/척추 손상,"열(건강해보임), 1SIRS 기준만족(열)",4
정형외과,외상성 등/척추 손상,급성 중심성 중증 통증(8-10),2
정형외과,외상성 등/척추 손상,"출혈성 질환(생명이나 사지에 위급한
출혈)",2
정형외과,외상성 등/척추 손상,고위험성 사고기전,2
정형외과,외상성 등/척추 손상,급성 중심성 중등도 통증(4-7),3
정형외과,외상성 등/척추 손상,출혈성 질환(중등도나 경증의 출혈),3
정형외과,외상성 등/척추 손상,급성 중심성 경증 통증(<4),4
정형외과,외상성 등/척추 손상,신경학적 손상 ±장과 방광의 기능장애,2
정형외과,절단,중증 호흡곤란,1
정형외과,절단,쇼크,1
정형외과,절단,무의식(GCS 3-8),1
정형외과,절단,중등도 호흡곤란,2
정형외과,절단,혈역학적 장애,2
정형외과,절단,의식변화(GCS 9-13),2
정형외과,절단,"열,면역억제 상태",2
정형외과,절단,패혈증 의증(3 SIRS 기준만족),2
정형외과,절단,경증 호흡곤란,3
정형외과,절단,"비정상 맥박수/맥박압 (혈역학적으로
안정)",3
정형외과,절단,"열(아파보임),<3 SIRS 기준 만족",3
정형외과,절단,"열(건강해보임), 1SIRS 기준만족(열)",4
정형외과,절단,출혈성 질환(생명이나 사지에 위급한,2
,,출혈),
정형외과,절단,고위험성 사고기전,2
정형외과,절단,급성 말초성 중증 통증 (8-10),3
정형외과,절단,출혈성 질환(중등도나 경증의 출혈),3
정형외과,절단,사지의 외상성 절단,1
정형외과,절단,손가락의 외상성 절단,2
정형외과,절단,절단,3
정형외과,상지 통증,중증 호흡곤란,1
정형외과,상지 통증,쇼크,1
정형외과,상지 통증,무의식(GCS 3-8),1
정형외과,상지 통증,중등도 호흡곤란,2
정형외과,상지 통증,혈역학적 장애,2
정형외과,상지 통증,의식변화(GCS 9-13),2
정형외과,상지 통증,"열,면역억제 상태",2
정형외과,상지 통증,패혈증 의증(3 SIRS 기준만족),2
정형외과,상지 통증,경증 호흡곤란,3
정형외과,상지 통증,"비정상 맥박수/맥박압 (혈역학적으로
안정)",3
정형외과,상지 통증,"열(아파보임),<3 SIRS 기준 만족",3
정형외과,상지 통증,"열(건강해보임), 1SIRS 기준만족(열)",4
정형외과,상지 통증,"출혈성 질환(생명이나 사지에 위급한
출혈)",2
정형외과,상지 통증,급성 말초성 중증 통증 (8-10),3
정형외과,상지 통증,출혈성 질환(중등도나 경증의 출혈),3
정형외과,상지 통증,급성 말초성 중등도 통증(4-7),4
정형외과,상지 통증,만성 말초성 중증 통증(8-10),4
정형외과,상지 통증,급성 말초성 경증 통증(<4),5
정형외과,상지 통증,만성 말초성 통증(<8),5
정형외과,상지 통증,신경혈관장애,2
정형외과,상지 통증,"석고붕대가 꽉 끼어 아프고, 신경혈관
장애를 동반함",3
정형외과,상지 통증,"석고붕대가 꽉 끼어 아프지만, 신경혈관
장애는 없음",4
정형외과,상지 통증,상지의 만성 경증 통증,5
정형외과,하지 통증,중증 호흡곤란,1
정형외과,하지 통증,쇼크,1
정형외과,하지 통증,무의식(GCS 3-8),1
정형외과,하지 통증,중등도 호흡곤란,2
정형외과,하지 통증,혈역학적 장애,2
정형외과,하지 통증,의식변화(GCS 9-13),2
정형외과,하지 통증,"열,면역억제 상태",2
정형외과,하지 통증,패혈증 의증(3 SIRS 기준만족),2
정형외과,하지 통증,경증 호흡곤란,3
정형외과,하지 통증,"비정상 맥박수/맥박압 (혈역학적으로
안정)",3
정형외과,하지 통증,"열(아파보임),<3 SIRS 기준 만족",3
정형외과,하지 통증,"열(건강해보임), 1SIRS 기준만족(열)",4
정형외과,하지 통증,"출혈성 질환(생명이나 사지에 위급한
출혈)",2
정형외과,하지 통증,급성 말초성 중증 통증 (8-10),3
정형외과,하지 통증,출혈성 질환(중등도나 경증의 출혈),3
정형외과,하지 통증,급성 말초성 중등도 통증(4-7),4
정형외과,하지 통증,만성 말초성 중증 통증(8-10),4
정형외과,하지 통증,급성 말초성 경증 통증(<4),5
정형외과,하지 통증,만성 말초성 통증(<8),5
정형외과,하지 통증,"석고붕대가 꽉 끼어 아프고, 신경혈관
장애를 동반함",3
정형외과,하지 통증,"석고붕대가 꽉 끼어 아프지만, 신경혈관
장애는 없음",4
정형외과,하지 통증,하지의 만성 경증 통증,5
정형외과,상지 손상,중증 호흡곤란,1
정형외과,상지 손상,쇼크,1
정형외과,상지 손상,무의식(GCS 3-8),1
정형외과,상지 손상,중등도 호흡곤란,2
정형외과,상지 손상,혈역학적 장애,2
정형외과,상지 손상,의식변화(GCS 9-13),2
정형외과,상지 손상,"열,면역억제 상태",2
정형외과,상지 손상,패혈증 의증(3 SIRS 기준만족),2
정형외과,상지 손상,경증 호흡곤란,3
정형외과,상지 손상,"비정상 맥박수/맥박압 (혈역학적으로
안정)",3
정형외과,상지 손상,"열(아파보임),<3 SIRS 기준 만족",3
정형외과,상지 손상,"열(건강해보임), 1SIRS 기준만족(열)",4
정형외과,상지 손상,"출혈성 질환(생명이나 사지에 위급한
출혈)",2
정형외과,상지 손상,고위험성 사고기전,2
정형외과,상지 손상,급성 말초성 중증 통증 (8-10),3
정형외과,상지 손상,출혈성 질환(중등도나 경증의 출혈),3
정형외과,상지 손상,급성 말초성 중등도 통증(4-7),4
정형외과,상지 손상,만성 말초성 중증 통증(8-10),4
정형외과,상지 손상,급성 말초성 경증 통증(<4),5
정형외과,상지 손상,만성 말초성 통증(<8),5
정형외과,상지 손상,개방성 골절 또는 신경혈관 장애,2
정형외과,상지 손상,명백한 변형,3
정형외과,상지 손상,"석고붕대가 꽉 끼어 아프고, 신경혈관
장애를 동반함",3
정형외과,상지 손상,"석고붕대가 꽉 끼어 아프지만, 신경혈관",4
,,장애는 없음,
정형외과,상지 손상,"상지의 외상, 만성 경증 통증",5
정형외과,하지 손상,중증 호흡곤란,1
정형외과,하지 손상,쇼크,1
정형외과,하지 손상,무의식(GCS 3-8),1
정형외과,하지 손상,중등도 호흡곤란,2
정형외과,하지 손상,혈역학적 장애,2
정형외과,하지 손상,의식변화(GCS 9-13),2
정형외과,하지 손상,"열,면역억제 상태",2
정형외과,하지 손상,패혈증 의증(3 SIRS 기준만족),2
정형외과,하지 손상,경증 호흡곤란,3
정형외과,하지 손상,"비정상 맥박수/맥박압 (혈역학적으로
안정)",3
정형외과,하지 손상,"열(아파보임),<3 SIRS 기준 만족",3
정형외과,하지 손상,"열(건강해보임), 1SIRS 기준만족(열)",4
정형외과,하지 손상,"출혈성 질환(생명이나 사지에 위급한
출혈)",2
정형외과,하지 손상,고위험성 사고기전,2
정형외과,하지 손상,급성 말초성 중증 통증 (8-10),3
정형외과,하지 손상,출혈성 질환(중등도나 경증의 출혈),3
정형외과,하지 손상,급성 말초성 중등도 통증(4-7),4
정형외과,하지 손상,만성 말초성 중증 통증(8-10),4
정형외과,하지 손상,급성 말초성 경증 통증(<4),5
정형외과,하지 손상,만성 말초성 통증(<8),5
정형외과,하지 손상,개방성 골절 또는 신경혈관 장애,2
정형외과,하지 손상,명백한 변형,3
정형외과,하지 손상,"석고붕대가 꽉 끼어 아프고, 신경혈관
장애를 동반함",3
정형외과,하지 손상,"석고붕대가 꽉 끼어 아프지만, 신경혈관
장애는 없음",4
정형외과,하지 손상,"하지의 외상, 만성 경증 통증",5
정형외과,관절 부종,중등도 호흡곤란,2
정형외과,관절 부종,혈역학적 장애,2
정형외과,관절 부종,의식변화(GCS 9-13),2
정형외과,관절 부종,"열,면역억제 상태",2
정형외과,관절 부종,패혈증 의증(3 SIRS 기준만족),2
정형외과,관절 부종,경증 호흡곤란,3
정형외과,관절 부종,"비정상 맥박수/맥박압 (혈역학적으로
안정)",3
정형외과,관절 부종,"열(아파보임),<3 SIRS 기준 만족",3
정형외과,관절 부종,"열(건강해보임), 1SIRS 기준만족(열)",4
정형외과,관절 부종,급성 말초성 중증 통증 (8-10),3
정형외과,관절 부종,출혈성 질환(중등도나 경증의 출혈),3
정형외과,관절 부종,급성 말초성 중등도 통증(4-7),4
정형외과,관절 부종,만성 말초성 중증 통증(8-10),4
정형외과,관절 부종,급성 말초성 경증 통증(<4),5
정형외과,관절 부종,만성 말초성 통증(<8),5
정형외과,관절 부종,관절 부종,5
정형외과,석고붕대 확인,급성 말초성 중증 통증 (8-10),3
정형외과,석고붕대 확인,급성 말초성 중등도 통증(4-7),4
정형외과,석고붕대 확인,급성 말초성 경증 통증(<4),5
정형외과,석고붕대 확인,"석고붕대가 꽉 끼어 아프고, 신경혈관
장애를 동반함",3
정형외과,석고붕대 확인,"석고붕대가 꽉 끼어 아프지만, 신경혈관
장애는 없음",4
정형외과,석고붕대 확인,석고붕대 체크 또는 석고붕대 교환,5
외상,중증외상-관통상,중증 호흡곤란,1
외상,중증외상-관통상,쇼크,1
외상,중증외상-관통상,무의식(GCS 3-8),1
외상,중증외상-관통상,중등도 호흡곤란,2
외상,중증외상-관통상,혈역학적 장애,2
외상,중증외상-관통상,의식변화(GCS 9-13),2
외상,중증외상-관통상,"열,면역억제 상태",2
외상,중증외상-관통상,패혈증 의증(3 SIRS 기준만족),2
외상,중증외상-관통상,경증 호흡곤란,3
외상,중증외상-관통상,"비정상 맥박수/맥박압 (혈역학적으로
안정)",3
외상,중증외상-관통상,"열(아파보임),<3 SIRS 기준 만족",3
외상,중증외상-관통상,"열(건강해보임), 1SIRS 기준만족(열)",4
외상,중증외상-관통상,급성 중심성 중증 통증(8-10),2
외상,중증외상-관통상,"출혈성 질환(생명이나 사지에 위급한
출혈)",2
외상,중증외상-관통상,고위험성 사고기전,2
외상,중증외상-관통상,급성 중심성 중등도 통증(4-7),3
외상,중증외상-관통상,출혈성 질환(중등도나 경증의 출혈),3
외상,중증외상-관통상,"신경학적 손상과 동반된 척추 골절,
두부의 관통상",1
외상,중증외상-관통상,사지의 신경혈관 장애,2
외상,중증외상-관통상,"머리,가슴,복부의 관통상",2
외상,중증외상-관통상,중증외상-관통상,3
외상,중증외상-둔상,중증 호흡곤란,1
외상,중증외상-둔상,쇼크,1
외상,중증외상-둔상,무의식(GCS 3-8),1
외상,중증외상-둔상,중등도 호흡곤란,2
외상,중증외상-둔상,혈역학적 장애,2
외상,중증외상-둔상,의식변화(GCS 9-13),2
외상,중증외상-둔상,"열,면역억제 상태",2
외상,중증외상-둔상,패혈증 의증(3 SIRS 기준만족),2
외상,중증외상-둔상,경증 호흡곤란,3
외상,중증외상-둔상,"비정상 맥박수/맥박압 (혈역학적으로
안정)",3
외상,중증외상-둔상,"열(아파보임),<3 SIRS 기준 만족",3
외상,중증외상-둔상,"열(건강해보임), 1SIRS 기준만족(열)",4
외상,중증외상-둔상,급성 중심성 중증 통증(8-10),2
외상,중증외상-둔상,"출혈성 질환(생명이나 사지에 위급한
출혈)",2
외상,중증외상-둔상,고위험성 사고기전,2
외상,중증외상-둔상,급성 중심성 중등도 통증(4-7),3
외상,중증외상-둔상,출혈성 질환(중등도나 경증의 출혈),3
외상,중증외상-둔상,급성 중심성 경증 통증(<4),4
외상,중증외상-둔상,신경학적 손상과 동반된 척추 골절,1
외상,중증외상-둔상,사지의 신경혈관 장애,2
외상,중증외상-둔상,장기간의 척추고정,3
외상,중증외상-둔상,중증외상-둔상,4
외상,단독 흉부외상-관통상,중증 호흡곤란,1
외상,단독 흉부외상-관통상,쇼크,1
외상,단독 흉부외상-관통상,무의식(GCS 3-8),1
외상,단독 흉부외상-관통상,중등도 호흡곤란,2
외상,단독 흉부외상-관통상,혈역학적 장애,2
외상,단독 흉부외상-관통상,의식변화(GCS 9-13),2
외상,단독 흉부외상-관통상,"열,면역억제 상태",2
외상,단독 흉부외상-관통상,패혈증 의증(3 SIRS 기준만족),2
외상,단독 흉부외상-관통상,급성 중심성 중증 통증(8-10),2
외상,단독 흉부외상-관통상,"출혈성 질환(생명이나 사지에 위급한
출혈)",2
외상,단독 흉부외상-관통상,단독 흉부외상-관통상,2
외상,단독 흉부외상-둔상,중증 호흡곤란,1
외상,단독 흉부외상-둔상,쇼크,1
외상,단독 흉부외상-둔상,무의식(GCS 3-8),1
외상,단독 흉부외상-둔상,중등도 호흡곤란,2
외상,단독 흉부외상-둔상,혈역학적 장애,2
외상,단독 흉부외상-둔상,의식변화(GCS 9-13),2
외상,단독 흉부외상-둔상,"열,면역억제 상태",2
외상,단독 흉부외상-둔상,패혈증 의증(3 SIRS 기준만족),2
외상,단독 흉부외상-둔상,경증 호흡곤란,3
외상,단독 흉부외상-둔상,"비정상 맥박수/맥박압 (혈역학적으로
안정)",3
외상,단독 흉부외상-둔상,"열(아파보임),<3 SIRS 기준 만족",3
외상,단독 흉부외상-둔상,"열(건강해보임), 1SIRS 기준만족(열)",4
외상,단독 흉부외상-둔상,급성 중심성 중증 통증(8-10),2
외상,단독 흉부외상-둔상,"출혈성 질환(생명이나 사지에 위급한
출혈)",2
외상,단독 흉부외상-둔상,고위험성 사고기전,2
외상,단독 흉부외상-둔상,급성 중심성 중등도 통증(4-7),3
외상,단독 흉부외상-둔상,급성 말초성 중증 통증 (8-10),3
외상,단독 흉부외상-둔상,출혈성 질환(중등도나 경증의 출혈),3
외상,단독 흉부외상-둔상,급성 중심성 경증 통증(<4),4
외상,단독 흉부외상-둔상,급성 말초성 중등도 통증(4-7),4
외상,단독 흉부외상-둔상,급성 말초성 경증 통증(<4),5
외상,단독 흉부외상-둔상,단독 흉부외상-둔상(건강해보임),4
외상,단독 복부외상-관통상,중증 호흡곤란,1
외상,단독 복부외상-관통상,쇼크,1
외상,단독 복부외상-관통상,무의식(GCS 3-8),1
외상,단독 복부외상-관통상,중등도 호흡곤란,2
외상,단독 복부외상-관통상,혈역학적 장애,2
외상,단독 복부외상-관통상,의식변화(GCS 9-13),2
외상,단독 복부외상-관통상,"열,면역억제 상태",2
외상,단독 복부외상-관통상,패혈증 의증(3 SIRS 기준만족),2
외상,단독 복부외상-관통상,급성 중심성 중증 통증(8-10),2
외상,단독 복부외상-관통상,"출혈성 질환(생명이나 사지에 위급한
출혈)",2
외상,단독 복부외상-관통상,고위험성 사고기전,2
외상,단독 복부외상-관통상,단독 복부외상 - 관통상,2
외상,단독 복부외상-둔상,중증 호흡곤란,1
외상,단독 복부외상-둔상,쇼크,1
외상,단독 복부외상-둔상,무의식(GCS 3-8),1
외상,단독 복부외상-둔상,중등도 호흡곤란,2
외상,단독 복부외상-둔상,혈역학적 장애,2
외상,단독 복부외상-둔상,의식변화(GCS 9-13),2
외상,단독 복부외상-둔상,"열,면역억제 상태",2
외상,단독 복부외상-둔상,패혈증 의증(3 SIRS 기준만족),2
외상,단독 복부외상-둔상,경증 호흡곤란,3
외상,단독 복부외상-둔상,"비정상 맥박수/맥박압 (혈역학적으로
안정)",3
외상,단독 복부외상-둔상,"열(아파보임),<3 SIRS 기준 만족",3
외상,단독 복부외상-둔상,"열(건강해보임), 1SIRS 기준만족(열)",4
외상,단독 복부외상-둔상,급성 중심성 중증 통증(8-10),2
외상,단독 복부외상-둔상,"출혈성 질환(생명이나 사지에 위급한
출혈)",2
외상,단독 복부외상-둔상,고위험성 사고기전,2
외상,단독 복부외상-둔상,급성 중심성 중등도 통증(4-7),3
외상,단독 복부외상-둔상,출혈성 질환(중등도나 경증의 출혈),3
외상,단독 복부외상-둔상,급성 중심성 경증 통증(<4),4
외상,단독 복부외상-둔상,단독복부외상 - 둔상,4
2단계,3단계,4단계,등급
환경손상,동상/냉 손상,급성 말초성 중증 통증 (8-10),3
환경손상,동상/냉 손상,급성 말초성 중등도 통증(4-7),4
환경손상,동상/냉 손상,만성 말초성 중증 통증(8-10),4
환경손상,동상/냉 손상,급성 말초성 경증 통증(<4),5
환경손상,동상/냉 손상,만성 말초성 통증(<8),5
환경손상,동상/냉 손상,사지 말단부위에 맥박이 없고 차가움,2
환경손상,동상/냉 손상,피부가 창백함,3
환경손상,동상/냉 손상,동상/냉손상,5
환경손상,유해물질흡입,중증 호흡곤란,1
환경손상,유해물질흡입,쇼크,1
환경손상,유해물질흡입,무의식(GCS 3-8),1
환경손상,유해물질흡입,중등도 호흡곤란,2
환경손상,유해물질흡입,혈역학적 장애,2
환경손상,유해물질흡입,의식변화(GCS 9-13),2
환경손상,유해물질흡입,경증 호흡곤란,3
환경손상,유해물질흡입,"비정상 맥박수/맥박압 (혈역학적으로
안정)",3
환경손상,유해물질흡입,"연기나 기타 물질 흡입, 호흡곤란 없음",3
환경손상,유해물질흡입,"유해물질을 흡입한 후 상당한 시간이
지남, 무증상",4
환경손상,전기손상,중증 호흡곤란,1
환경손상,전기손상,쇼크,1
환경손상,전기손상,무의식(GCS 3-8),1
환경손상,전기손상,중등도 호흡곤란,2
환경손상,전기손상,혈역학적 장애,2
환경손상,전기손상,의식변화(GCS 9-13),2
환경손상,전기손상,경증 호흡곤란,3
환경손상,전기손상,"비정상 맥박수/맥박압 (혈역학적으로
안정)",3
환경손상,전기손상,급성 말초성 중증 통증 (8-10),3
환경손상,전기손상,명백한 피부손상,2
환경손상,전기손상,명백한 피부손상 없음,3
환경손상,화학물질 노출,중증 호흡곤란,1
환경손상,화학물질 노출,쇼크,1
환경손상,화학물질 노출,무의식(GCS 3-8),1
환경손상,화학물질 노출,중등도 호흡곤란,2
환경손상,화학물질 노출,혈역학적 장애,2
환경손상,화학물질 노출,의식변화(GCS 9-13),2
환경손상,화학물질 노출,체표면적 25% 이상의 중증 화상,1
환경손상,화학물질 노출,"손,발, 샅고랑 부위(Groin), 얼굴의 중증
화상",2
환경손상,화학물질 노출,눈에 이물질이 튄 후 증상 있음,2
환경손상,저체온증,중증 호흡곤란,1
2단계,3단계,4단계,등급
환경손상,저체온증,쇼크,1
환경손상,저체온증,무의식(GCS 3-8),1
환경손상,저체온증,중등도 호흡곤란,2
환경손상,저체온증,혈역학적 장애,2
환경손상,저체온증,의식변화(GCS 9-13),2
환경손상,저체온증,면역억제 상태,2
환경손상,저체온증,패혈증 의증(3 SIRS 기준만족),2
환경손상,저체온증,경증 호흡곤란,3
환경손상,저체온증,"비정상 맥박수/맥박압 (혈역학적으로
안정)",3
환경손상,저체온증,"아파보임,<3 SIRS 기준 만족",3
환경손상,저체온증,"저체온증,중심체온<32℃",2
환경손상,저체온증,중심체온 32-35℃,3
환경손상,저체온증,"동상없음, 정상 활력징후",4
환경손상,익수,중증 호흡곤란,1
환경손상,익수,쇼크,1
환경손상,익수,무의식(GCS 3-8),1
환경손상,익수,중등도 호흡곤란,2
환경손상,익수,혈역학적 장애,2
환경손상,익수,의식변화(GCS 9-13),2
환경손상,익수,"열,면역억제 상태",2
환경손상,익수,패혈증 의증(3 SIRS 기준만족),2
환경손상,익수,경증 호흡곤란,3
환경손상,익수,"비정상 맥박수/맥박압 (혈역학적으로
안정)",3
환경손상,익수,"열(아파보임),<3 SIRS 기준 만족",3
환경손상,익수,"저체온증,중심체온<32℃",2
환경손상,익수,중심체온 32-35℃,3
피부,물림(Bite),중증 호흡곤란,1
피부,물림(Bite),쇼크,1
피부,물림(Bite),무의식(GCS 3-8),1
피부,물림(Bite),중등도 호흡곤란,2
피부,물림(Bite),혈역학적 장애,2
피부,물림(Bite),의식변화(GCS 9-13),2
피부,물림(Bite),"열,면역억제 상태",2
피부,물림(Bite),패혈증 의증(3 SIRS 기준만족),2
피부,물림(Bite),경증 호흡곤란,3
피부,물림(Bite),"비정상 맥박수/맥박압 (혈역학적으로
안정)",3
피부,물림(Bite),"열(아파보임),<3 SIRS 기준 만족",3
피부,물림(Bite),"열(건강해보임), 1SIRS 기준만족(열)",4
피부,물림(Bite),급성 말초성 중증 통증 (8-10),3
피부,물림(Bite),급성 말초성 중등도 통증(4-7),4
2단계,3단계,4단계,등급
피부,물림(Bite),급성 말초성 경증 통증(<4),5
피부,물림(Bite),중증 알러지 반응의 기왕력,2
피부,물림(Bite),경증물림,5
피부,쏘임(Sting),중증 호흡곤란,1
피부,쏘임(Sting),쇼크,1
피부,쏘임(Sting),무의식(GCS 3-8),1
피부,쏘임(Sting),중등도 호흡곤란,2
피부,쏘임(Sting),혈역학적 장애,2
피부,쏘임(Sting),의식변화(GCS 9-13),2
피부,쏘임(Sting),"열,면역억제 상태",2
피부,쏘임(Sting),패혈증 의증(3 SIRS 기준만족),2
피부,쏘임(Sting),경증 호흡곤란,3
피부,쏘임(Sting),"비정상 맥박수/맥박압 (혈역학적으로
안정)",3
피부,쏘임(Sting),"열(아파보임),<3 SIRS 기준 만족",3
피부,쏘임(Sting),"열(건강해보임), 1SIRS 기준만족(열)",4
피부,쏘임(Sting),급성 말초성 중증 통증 (8-10),3
피부,쏘임(Sting),급성 말초성 중등도 통증(4-7),4
피부,쏘임(Sting),급성 말초성 경증 통증(<4),5
피부,쏘임(Sting),중증 알러지 반응의 기왕력,2
피부,쏘임(Sting),쏘임,5
피부,찰과상,급성 말초성 중증 통증 (8-10),3
피부,찰과상,급성 말초성 중등도 통증(4-7),4
피부,찰과상,급성 말초성 경증 통증(<4),5
피부,찰과상,출혈이 동반된 찰과상,4
피부,찰과상,경증 찰과상,5
피부,열상/천공,중증 호흡곤란,1
피부,열상/천공,쇼크,1
피부,열상/천공,무의식(GCS 3-8),1
피부,열상/천공,중등도 호흡곤란,2
피부,열상/천공,혈역학적 장애,2
피부,열상/천공,의식변화(GCS 9-13),2
피부,열상/천공,"열,면역억제 상태",2
피부,열상/천공,패혈증 의증(3 SIRS 기준만족),2
피부,열상/천공,경증 호흡곤란,3
피부,열상/천공,"비정상 맥박수/맥박압 (혈역학적으로
안정)",3
피부,열상/천공,"열(아파보임),<3 SIRS 기준 만족",3
피부,열상/천공,"열(건강해보임), 1SIRS 기준만족(열)",4
피부,열상/천공,"출혈성 질환(생명이나 사지에 위급한
출혈)",2
피부,열상/천공,급성 말초성 중증 통증 (8-10),3
피부,열상/천공,출혈성 질환(중등도나 경증의 출혈),3
2단계,3단계,4단계,등급
피부,열상/천공,급성 말초성 중등도 통증(4-7),4
피부,열상/천공,급성 말초성 경증 통증(<4),5
피부,열상/천공,신경혈관 장애를 동반한 복합창상,2
피부,열상/천공,지속되고 있는 출혈,3
피부,열상/천공,지혈되었거나 조절되고 있는 출혈,4
피부,열상/천공,봉합 필요,4
피부,열상/천공,봉합 필요 없음,5
피부,화상,중증 호흡곤란,1
피부,화상,쇼크,1
피부,화상,무의식(GCS 3-8),1
피부,화상,중등도 호흡곤란,2
피부,화상,혈역학적 장애,2
피부,화상,의식변화(GCS 9-13),2
피부,화상,"열,면역억제 상태",2
피부,화상,패혈증 의증(3 SIRS 기준만족),2
피부,화상,경증 호흡곤란,3
피부,화상,"비정상 맥박수/맥박압 (혈역학적으로
안정)",3
피부,화상,"열(아파보임),<3 SIRS 기준 만족",3
피부,화상,"열(건강해보임), 1SIRS 기준만족(열)",4
피부,화상,급성 말초성 중증 통증 (8-10),3
피부,화상,급성 말초성 중등도 통증(4-7),4
피부,화상,급성 말초성 경증 통증(<4),5
피부,화상,체표면적 25%이상의 화상,2
피부,화상,"손,발,얼굴,회음부 부위의 부분 2도
이상의 화상",2
피부,화상,5-25% 체표면적의 화상,3
피부,화상,"체표면적의 <5%인 3도 이상의 화상,
혹은 <10%의 2도 화상",4
피부,화상,"화상, 경증통증",5
피부,혈액과 체액 노출,"고위험 노출, 주사침 찔림, 속이 빈
주사바늘, 에이즈 혹은 간염 바이러스
보균자이거나 가능성 있음, 알고 있는
저위험 감염원이 아니면 고위험으로
간주",2
피부,혈액과 체액 노출,"저위험 노출, 속이 빈 주사바늘이
아닌경우 또는 저위험 감염원에서
액체가 튐",3
피부,"이물질, 피부",경증 호흡곤란,3
피부,"이물질, 피부","비정상 맥박수/맥박압 (혈역학적으로
안정)",3
피부,"이물질, 피부","열(아파보임),<3 SIRS 기준 만족",3
피부,"이물질, 피부","열(건강해보임), 1SIRS 기준만족(열)",4
피부,"이물질, 피부",급성 말초성 중증 통증 (8-10),3
피부,"이물질, 피부",급성 말초성 중등도 통증(4-7),4
2단계,3단계,4단계,등급
피부,"이물질, 피부",급성 말초성 경증 통증(<4),5
피부,"이물질, 피부","이물질, 피부",5
피부,상처확인,경증 호흡곤란,3
피부,상처확인,"비정상 맥박수/맥박압 (혈역학적으로
안정)",3
피부,상처확인,"열(아파보임),<3 SIRS 기준 만족",3
피부,상처확인,"열(건강해보임), 1SIRS 기준만족(열)",4
피부,상처확인,급성 말초성 중증 통증 (8-10),3
피부,상처확인,급성 말초성 중등도 통증(4-7),4
피부,상처확인,급성 말초성 경증 통증(<4),5
피부,상처확인,상처확인,5
피부,스테이플/봉합사제거,경증 호흡곤란,3
피부,스테이플/봉합사제거,"비정상 맥박수/맥박압 (혈역학적으로
안정)",3
피부,스테이플/봉합사제거,"열(아파보임),<3 SIRS 기준 만족",3
피부,스테이플/봉합사제거,"열(건강해보임), 1SIRS 기준만족(열)",4
피부,스테이플/봉합사제거,급성 말초성 중증 통증 (8-10),3
피부,스테이플/봉합사제거,급성 말초성 중등도 통증(4-7),4
피부,스테이플/봉합사제거,급성 말초성 경증 통증(<4),5
피부,스테이플/봉합사제거,스테이플/봉합사제거,5
피부,발진,중등도 호흡곤란,2
피부,발진,혈역학적 장애,2
피부,발진,의식변화(GCS 9-13),2
피부,발진,"열,면역억제 상태",2
피부,발진,패혈증 의증(3 SIRS 기준만족),2
피부,발진,경증 호흡곤란,3
피부,발진,"비정상 맥박수/맥박압 (혈역학적으로
안정)",3
피부,발진,"열(아파보임),<3 SIRS 기준 만족",3
피부,발진,"열(건강해보임), 1SIRS 기준만족(열)",4
피부,발진,급성 말초성 중증 통증 (8-10),3
피부,발진,급성 말초성 중등도 통증(4-7),4
피부,발진,급성 말초성 경증 통증(<4),5
피부,발진,"얼굴 연조직염, 안와주위부 포함",2
피부,발진,"자반성 또는 점발진, 아파보임",2
피부,발진,국소성 연조직염,4
피부,발진,국소성 발진,5
피부,유방의 발적/압통,중등도 호흡곤란,2
피부,유방의 발적/압통,혈역학적 장애,2
피부,유방의 발적/압통,의식변화(GCS 9-13),2
피부,유방의 발적/압통,"열,면역억제 상태",2
피부,유방의 발적/압통,패혈증 의증(3 SIRS 기준만족),2
피부,유방의 발적/압통,경증 호흡곤란,3
피부,유방의 발적/압통,"비정상 맥박수/맥박압 (혈역학적으로
안정)",3
피부,유방의 발적/압통,"열(아파보임),<3 SIRS 기준 만족",3
피부,유방의 발적/압통,"열(건강해보임), 1SIRS 기준만족(열)",4
피부,유방의 발적/압통,급성 말초성 중증 통증 (8-10),3
피부,유방의 발적/압통,급성 말초성 중등도 통증(4-7),4
피부,유방의 발적/압통,급성 말초성 경증 통증(<4),5
피부,국소성 부종/발적,중증 호흡곤란,1
피부,국소성 부종/발적,쇼크,1
피부,국소성 부종/발적,무의식(GCS 3-8),1
피부,국소성 부종/발적,중등도 호흡곤란,2
피부,국소성 부종/발적,혈역학적 장애,2
피부,국소성 부종/발적,의식변화(GCS 9-13),2
피부,국소성 부종/발적,"열,면역억제 상태",2
피부,국소성 부종/발적,패혈증 의증(3 SIRS 기준만족),2
피부,국소성 부종/발적,경증 호흡곤란,3
피부,국소성 부종/발적,"비정상 맥박수/맥박압 (혈역학적으로
안정)",3
피부,국소성 부종/발적,"열(아파보임),<3 SIRS 기준 만족",3
피부,국소성 부종/발적,"열(건강해보임), 1SIRS 기준만족(열)",4
피부,국소성 부종/발적,급성 말초성 중증 통증 (8-10),3
피부,국소성 부종/발적,급성 말초성 중등도 통증(4-7),4
피부,국소성 부종/발적,급성 말초성 경증 통증(<4),5
피부,국소성 부종/발적,"얼굴 연조직염, 특히 안와주위",2
피부,국소성 부종/발적,"자반성 또는 점발진, 아파보임",2
피부,국소성 부종/발적,국소성 연조직염,4
피부,국소성 부종/발적,국소성 발진,5
피부,"혹,돌기,굳은살",중등도 호흡곤란,2
피부,"혹,돌기,굳은살",혈역학적 장애,2
피부,"혹,돌기,굳은살",의식변화(GCS 9-13),2
피부,"혹,돌기,굳은살","열,면역억제 상태",2
피부,"혹,돌기,굳은살",패혈증 의증(3 SIRS 기준만족),2
피부,"혹,돌기,굳은살",경증 호흡곤란,3
피부,"혹,돌기,굳은살","비정상 맥박수/맥박압 (혈역학적으로
안정)",3
피부,"혹,돌기,굳은살","열(아파보임),<3 SIRS 기준 만족",3
피부,"혹,돌기,굳은살","열(건강해보임), 1SIRS 기준만족(열)",4
피부,"혹,돌기,굳은살",급성 말초성 중증 통증 (8-10),3
피부,"혹,돌기,굳은살",급성 말초성 중등도 통증(4-7),4
피부,"혹,돌기,굳은살",급성 말초성 경증 통증(<4),5
피부,"혹,돌기,굳은살","혹,돌기,굳은살",5
피부,감염 가능성 확인,급성 말초성 중증 통증 (8-10),3
피부,감염 가능성 확인,급성 말초성 중등도 통증(4-7),4
피부,감염 가능성 확인,급성 말초성 경증 통증(<4),5
피부,감염 가능성 확인,감염 가능성 확인,5
피부,청색증,중증 호흡곤란,1
피부,청색증,쇼크,1
피부,청색증,무의식(GCS 3-8),1
피부,청색증,중등도 호흡곤란,2
피부,청색증,혈역학적 장애,2
피부,청색증,의식변화(GCS 9-13),2
피부,청색증,"열,면역억제 상태",2
피부,청색증,패혈증 의증(3 SIRS 기준만족),2
피부,청색증,경증 호흡곤란,3
피부,청색증,"비정상 맥박수/맥박압 (혈역학적으로
안정)",3
피부,청색증,"열(아파보임),<3 SIRS 기준 만족",3
피부,청색증,청색증,3
피부,외상없이 저절로 멍듦,중증 호흡곤란,1
피부,외상없이 저절로 멍듦,쇼크,1
피부,외상없이 저절로 멍듦,무의식(GCS 3-8),1
피부,외상없이 저절로 멍듦,중등도 호흡곤란,2
피부,외상없이 저절로 멍듦,혈역학적 장애,2
피부,외상없이 저절로 멍듦,의식변화(GCS 9-13),2
피부,외상없이 저절로 멍듦,"열,면역억제 상태",2
피부,외상없이 저절로 멍듦,패혈증 의증(3 SIRS 기준만족),2
피부,외상없이 저절로 멍듦,경증 호흡곤란,3
피부,외상없이 저절로 멍듦,"비정상 맥박수/맥박압 (혈역학적으로
안정)",3
피부,외상없이 저절로 멍듦,"열(아파보임),<3 SIRS 기준 만족",3
피부,외상없이 저절로 멍듦,"출혈성 질환(생명이나 사지에 위급한
출혈)",2
피부,외상없이 저절로 멍듦,출혈성 질환(중등도나 경증의 출혈),3
피부,외상없이 저절로 멍듦,외상없이 저절로 멍듦,3
피부,소양증,급성 말초성 중증 통증 (8-10),3
피부,소양증,급성 말초성 중등도 통증(4-7),4
피부,소양증,급성 말초성 경증 통증(<4),5
피부,소양증,소양증,5
피부,기타피부상태,경증 호흡곤란,3
피부,기타피부상태,"비정상 맥박수/맥박압 (혈역학적으로
안정)",3
피부,기타피부상태,"열(아파보임),<3 SIRS 기준 만족",3
피부,기타피부상태,"열(건강해보임), 1SIRS 기준만족(열)",4
피부,기타피부상태,급성 말초성 중증 통증 (8-10),3
피부,기타피부상태,급성 말초성 중등도 통증(4-7),4
피부,기타피부상태,급성 말초성 경증 통증(<4),5
피부,기타피부상태,기타피부상태,5
일반,전염성 질환에 노출,전염성 질환에 노출,5
일반,열,중증 호흡곤란,1
일반,열,쇼크,1
일반,열,무의식(GCS 3-8),1
일반,열,중등도 호흡곤란,2
일반,열,혈역학적 장애,2
일반,열,의식변화(GCS 9-13),2
일반,열,"열,면역억제 상태",2
일반,열,패혈증 의증(3 SIRS 기준만족),2
일반,열,경증 호흡곤란,3
일반,열,"비정상 맥박수/맥박압 (혈역학적으로
안정)",3
일반,열,"열(아파보임),<3 SIRS 기준 만족",3
일반,열,"열(건강해보임), 1SIRS 기준만족(열)",4
일반,열,점 발진,2
일반,열,열,4
일반,고혈당,중증 호흡곤란,1
일반,고혈당,쇼크,1
일반,고혈당,무의식(GCS 3-8),1
일반,고혈당,중등도 호흡곤란,2
일반,고혈당,혈역학적 장애,2
일반,고혈당,의식변화(GCS 9-13),2
일반,고혈당,"열,면역억제 상태",2
일반,고혈당,패혈증 의증(3 SIRS 기준만족),2
일반,고혈당,경증 호흡곤란,3
일반,고혈당,"비정상 맥박수/맥박압 (혈역학적으로
안정)",3
일반,고혈당,"열(아파보임),<3 SIRS 기준 만족",3
일반,고혈당,">324mg/dl, 증상 있음",2
일반,고혈당,">324mg/dl, 무증상",3
일반,저혈당,중증 호흡곤란,1
일반,저혈당,쇼크,1
일반,저혈당,무의식(GCS 3-8),1
일반,저혈당,중등도 호흡곤란,2
일반,저혈당,혈역학적 장애,2
일반,저혈당,의식변화(GCS 9-13),2
일반,저혈당,"열,면역억제 상태",2
일반,저혈당,패혈증 의증(3 SIRS 기준만족),2
일반,저혈당,경증 호흡곤란,3
일반,저혈당,"비정상 맥박수/맥박압 (혈역학적으로
안정)",3
일반,저혈당,"열(아파보임),<3 SIRS 기준 만족",3
일반,저혈당,<54mg/dl 증상 있음,2
일반,저혈당,<54mg/dl 무증상,3
일반,"전문 진료를 위해서
의뢰된 환자",중증 호흡곤란,1
일반,"전문 진료를 위해서
의뢰된 환자",쇼크,1
일반,"전문 진료를 위해서
의뢰된 환자",무의식(GCS 3-8),1
일반,"전문 진료를 위해서
의뢰된 환자",중등도 호흡곤란,2
일반,"전문 진료를 위해서
의뢰된 환자",혈역학적 장애,2
일반,"전문 진료를 위해서
의뢰된 환자",의식변화(GCS 9-13),2
일반,"전문 진료를 위해서
의뢰된 환자","열,면역억제 상태",2
일반,"전문 진료를 위해서
의뢰된 환자",패혈증 의증(3 SIRS 기준만족),2
일반,"전문 진료를 위해서
의뢰된 환자",경증 호흡곤란,3
일반,"전문 진료를 위해서
의뢰된 환자","비정상 맥박수/맥박압 (혈역학적으로
안정)",3
일반,"전문 진료를 위해서
의뢰된 환자","열(아파보임),<3 SIRS 기준 만족",3
일반,"전문 진료를 위해서
의뢰된 환자","열(건강해보임), 1SIRS 기준만족(열)",4
일반,"전문 진료를 위해서
의뢰된 환자",급성 중심성 중증 통증(8-10),2
일반,"전문 진료를 위해서
의뢰된 환자",급성 중심성 중등도 통증(4-7),3
일반,"전문 진료를 위해서
의뢰된 환자",급성 말초성 중증 통증 (8-10),3
일반,"전문 진료를 위해서
의뢰된 환자",만성 중심성 중증 통증(8-10),3
일반,"전문 진료를 위해서
의뢰된 환자",급성 중심성 경증 통증(<4),4
일반,"전문 진료를 위해서
의뢰된 환자",급성 말초성 중등도 통증(4-7),4
일반,"전문 진료를 위해서
의뢰된 환자",만성 중심성 중등도 통증(4-7),4
일반,"전문 진료를 위해서
의뢰된 환자",만성 말초성 중증 통증(8-10),4
일반,"전문 진료를 위해서
의뢰된 환자",만성 중심성 경증 통증(<4),5
일반,"전문 진료를 위해서
의뢰된 환자",급성 말초성 경증 통증(<4),5
일반,"전문 진료를 위해서
의뢰된 환자",만성 말초성 통증(<8),5
일반,"전문 진료를 위해서
의뢰된 환자",전문진료를 위해 의뢰된 환자,5
일반,드레싱교체,경증 호흡곤란,3
일반,드레싱교체,"비정상 맥박수/맥박압 (혈역학적으로
안정)",3
일반,드레싱교체,"열(아파보임),<3 SIRS 기준 만족",3
일반,드레싱교체,"열(건강해보임), 1SIRS 기준만족(열)",4
일반,드레싱교체,급성 말초성 중증 통증 (8-10),3
일반,드레싱교체,급성 말초성 중등도 통증(4-7),4
일반,드레싱교체,급성 말초성 경증 통증(<4),5
일반,드레싱교체,드레싱교체,5
일반,영상학적 검사,영상학적 검사,5
일반,의료장비문제,중증 호흡곤란,1
일반,의료장비문제,쇼크,1
일반,의료장비문제,무의식(GCS 3-8),1
일반,의료장비문제,중등도 호흡곤란,2
일반,의료장비문제,혈역학적 장애,2
일반,의료장비문제,의식변화(GCS 9-13),2
일반,의료장비문제,"열,면역억제 상태",2
일반,의료장비문제,패혈증 의증(3 SIRS 기준만족),2
일반,의료장비문제,경증 호흡곤란,3
일반,의료장비문제,"비정상 맥박수/맥박압 (혈역학적으로
안정)",3
일반,의료장비문제,"열(아파보임),<3 SIRS 기준 만족",3
일반,의료장비문제,"열(건강해보임), 1SIRS 기준만족(열)",4
일반,의료장비문제,급성 중심성 중증 통증(8-10),2
일반,의료장비문제,급성 중심성 중등도 통증(4-7),3
일반,의료장비문제,급성 말초성 중증 통증 (8-10),3
일반,의료장비문제,급성 중심성 경증 통증(<4),4
일반,의료장비문제,급성 말초성 중등도 통증(4-7),4
일반,의료장비문제,"의료장비문제, 증상이나 불편함이 없음",4
일반,처방전/투약문의,처방전/투약문의,5
일반,반지제거,"열(아파보임),<3 SIRS 기준 만족",3
일반,반지제거,"열(건강해보임), 1SIRS 기준만족(열)",4
일반,반지제거,급성 말초성 중증 통증 (8-10),3
일반,반지제거,급성 말초성 중등도 통증(4-7),4
일반,반지제거,급성 말초성 경증 통증(<4),5
일반,반지제거,신경혈관장애,2
일반,반지제거,반지제거,5
일반,비정상 검사수치,중증 호흡곤란,1
일반,비정상 검사수치,쇼크,1
일반,비정상 검사수치,무의식(GCS 3-8),1
일반,비정상 검사수치,중등도 호흡곤란,2
일반,비정상 검사수치,혈역학적 장애,2
일반,비정상 검사수치,의식변화(GCS 9-13),2
일반,비정상 검사수치,"열,면역억제 상태",2
일반,비정상 검사수치,패혈증 의증(3 SIRS 기준만족),2
일반,비정상 검사수치,경증 호흡곤란,3
일반,비정상 검사수치,"비정상 맥박수/맥박압 (혈역학적으로
안정)",3
일반,비정상 검사수치,"열(아파보임),<3 SIRS 기준 만족",3
일반,비정상 검사수치,"열(건강해보임), 1SIRS 기준만족(열)",4
일반,비정상 검사수치,"출혈성 질환(생명이나 사지에 위급한
출혈)",2
일반,비정상 검사수치,출혈성 질환(중등도나 경증의 출혈),3
일반,비정상 검사수치,"정상 활력징후, 위험수치",3
일반,비정상 검사수치,"정상 활력징후, 위험수치는 아님",5
일반,창백함/빈혈,중증 호흡곤란,1
일반,창백함/빈혈,쇼크,1
일반,창백함/빈혈,무의식(GCS 3-8),1
일반,창백함/빈혈,중등도 호흡곤란,2
일반,창백함/빈혈,혈역학적 장애,2
일반,창백함/빈혈,의식변화(GCS 9-13),2
일반,창백함/빈혈,"열,면역억제 상태",2
일반,창백함/빈혈,패혈증 의증(3 SIRS 기준만족),2
일반,창백함/빈혈,경증 호흡곤란,3
일반,창백함/빈혈,"비정상 맥박수/맥박압 (혈역학적으로
안정)",3
일반,창백함/빈혈,"열(건강해보임), 1SIRS 기준만족(열)",4
일반,창백함/빈혈,"열(아파보임),<3 SIRS 기준 만족",3
일반,창백함/빈혈,"출혈성 질환(생명이나 사지에 위급한
출혈)",2
일반,창백함/빈혈,출혈성 질환(중등도나 경증의 출혈),3
일반,창백함/빈혈,창백함/빈혈,4
일반,수술 후 합병증,중등도 호흡곤란,2
일반,수술 후 합병증,혈역학적 장애,2
일반,수술 후 합병증,의식변화(GCS 9-13),2
일반,수술 후 합병증,"열,면역억제 상태",2
일반,수술 후 합병증,패혈증 의증(3 SIRS 기준만족),2
일반,수술 후 합병증,경증 호흡곤란,3
일반,수술 후 합병증,"비정상 맥박수/맥박압 (혈역학적으로
안정)",3
일반,수술 후 합병증,"열(아파보임),<3 SIRS 기준 만족",3
일반,수술 후 합병증,"열(건강해보임), 1SIRS 기준만족(열)",4
일반,수술 후 합병증,급성 중심성 중증 통증(8-10),2
일반,수술 후 합병증,"출혈성 질환(생명이나 사지에 위급한
출혈)",2
일반,수술 후 합병증,급성 중심성 중등도 통증(4-7),3
일반,수술 후 합병증,급성 말초성 중증 통증 (8-10),3
일반,수술 후 합병증,출혈성 질환(중등도나 경증의 출혈),3
일반,수술 후 합병증,급성 중심성 경증 통증(<4),4
일반,수술 후 합병증,"정상 활력징후, 통증없음, 일상적인
체크",4
일반,경증 호소,중등도 호흡곤란,2
일반,경증 호소,혈역학적 장애,2
일반,경증 호소,의식변화(GCS 9-13),2
일반,경증 호소,"열,면역억제 상태",2
일반,경증 호소,패혈증 의증(3 SIRS 기준만족),2
일반,경증 호소,경증 호흡곤란,3
일반,경증 호소,"비정상 맥박수/맥박압 (혈역학적으로
안정)",3
일반,경증 호소,"열(아파보임),<3 SIRS 기준 만족",3
일반,경증 호소,"열(건강해보임), 1SIRS 기준만족(열)",4
일반,경증 호소,급성 중심성 중증 통증(8-10),2
일반,경증 호소,급성 중심성 중등도 통증(4-7),3
일반,경증 호소,급성 말초성 중증 통증 (8-10),3
일반,경증 호소,만성 중심성 중증 통증(8-10),3
일반,경증 호소,급성 중심성 경증 통증(<4),4
일반,경증 호소,급성 말초성 중등도 통증(4-7),4
일반,경증 호소,만성 중심성 중등도 통증(4-7),4
일반,경증 호소,만성 말초성 중증 통증(8-10),4
일반,경증 호소,만성 중심성 경증 통증(<4),5
일반,경증 호소,급성 말초성 경증 통증(<4),5
일반,경증 호소,만성 말초성 통증(<8),5
일반,경증 호소,"경증 증상호소, 비특이적",5
